time,open,high,low,close,volume,symbol
2020-08-03,77.33,78.31,75.56,77.87,164310,VIC
2020-08-04,78.84,78.84,77.69,78.22,229230,VIC
2020-08-05,78.22,78.67,75.38,77.33,434490,VIC
2020-08-06,78.22,78.4,77.42,77.78,332340,VIC
2020-08-07,77.87,78.4,77.6,77.78,182500,VIC
2020-08-10,78.22,79.91,77.69,78.4,542550,VIC
2020-08-11,79.29,79.29,77.78,77.78,215330,VIC
2020-08-12,77.78,78.67,77.69,77.69,302330,VIC
2020-08-13,78.22,79.11,77.78,78.22,458680,VIC
2020-08-14,78.22,79.11,77.69,77.69,654070,VIC
2020-08-17,77.33,78.67,77.16,77.96,376200,VIC
2020-08-18,77.6,77.96,76.62,76.89,772670,VIC
2020-08-19,76.89,77.87,76.89,76.89,347140,VIC
2020-08-20,76.98,77.51,76.44,76.44,990220,VIC
2020-08-21,76.44,77.24,76.36,76.53,376790,VIC
2020-08-24,76.89,79.11,76.89,79.11,1052840,VIC
2020-08-25,79.11,81.69,79.11,80.89,1074660,VIC
2020-08-26,80.71,81.07,80.0,80.89,547280,VIC
2020-08-27,80.09,80.89,80.09,80.89,437950,VIC
2020-08-28,81.16,82.04,79.91,79.91,636020,VIC
2020-08-31,80.0,81.33,80.0,80.0,276580,VIC
2020-09-01,80.18,83.56,79.91,82.4,675310,VIC
2020-09-03,83.11,84.98,82.4,84.0,1037080,VIC
2020-09-04,84.0,84.89,82.93,83.56,825960,VIC
2020-09-07,83.56,84.71,81.33,81.33,465400,VIC
2020-09-08,81.42,82.22,80.44,80.44,622290,VIC
2020-09-09,80.36,82.13,79.47,80.44,865880,VIC
2020-09-10,80.89,82.22,80.44,80.44,421160,VIC
2020-09-11,80.0,82.04,79.91,80.98,411350,VIC
2020-09-14,81.16,83.2,81.07,82.76,608930,VIC
2020-09-15,82.84,84.45,82.84,84.45,983560,VIC
2020-09-16,84.36,84.89,82.76,84.89,544300,VIC
2020-09-17,82.76,84.89,82.67,83.56,833870,VIC
2020-09-18,84.45,84.8,83.11,83.56,1089310,VIC
2020-09-21,83.56,85.33,83.56,85.33,571860,VIC
2020-09-22,85.33,85.51,84.09,84.09,505230,VIC
2020-09-23,84.45,85.07,84.0,84.0,111830,VIC
2020-09-24,83.38,84.89,82.67,82.67,388940,VIC
2020-09-25,84.0,84.27,82.49,82.49,412210,VIC
2020-09-28,83.73,83.73,82.49,82.49,202840,VIC
2020-09-29,83.56,83.56,81.33,81.33,394490,VIC
2020-09-30,81.33,83.02,81.33,81.33,417360,VIC
2020-10-01,81.69,83.02,81.69,82.22,212510,VIC
2020-10-02,82.22,83.56,81.78,83.56,400770,VIC
2020-10-05,83.56,83.56,81.78,82.93,90450,VIC
2020-10-06,82.93,82.93,81.6,81.6,521190,VIC
2020-10-07,81.33,83.11,80.89,82.22,381520,VIC
2020-10-08,81.78,82.58,81.33,82.04,216990,VIC
2020-10-09,82.04,83.29,82.04,83.2,309580,VIC
2020-10-12,83.2,83.56,82.22,83.47,326290,VIC
2020-10-13,83.47,83.64,83.02,83.64,271990,VIC
2020-10-14,83.64,84.45,83.56,84.45,389260,VIC
2020-10-15,84.53,86.67,80.89,86.67,1358580,VIC
2020-10-16,87.2,87.2,86.13,86.76,596590,VIC
2020-10-19,86.93,87.02,86.58,86.85,370590,VIC
2020-10-20,86.58,87.02,85.16,86.93,511250,VIC
2020-10-21,86.93,87.02,85.96,86.49,172010,VIC
2020-10-22,86.22,88.98,86.05,88.98,621610,VIC
2020-10-23,89.07,93.25,88.89,92.45,1761080,VIC
2020-10-26,96.89,97.34,93.25,93.42,974720,VIC
2020-10-27,95.11,95.2,92.45,93.96,804020,VIC
2020-10-28,93.96,95.11,87.82,89.07,1184890,VIC
2020-10-29,89.07,91.56,88.89,89.51,1327780,VIC
2020-10-30,90.22,94.67,89.51,94.67,972400,VIC
2020-11-02,94.67,95.11,93.34,94.67,691110,VIC
2020-11-03,95.11,95.11,92.8,92.8,751070,VIC
2020-11-04,92.71,92.8,91.56,92.0,495340,VIC
2020-11-05,92.62,95.02,92.45,92.89,789860,VIC
2020-11-06,94.22,94.22,92.89,93.42,592830,VIC
2020-11-09,93.42,94.4,93.07,94.31,803680,VIC
2020-11-10,94.67,95.29,93.87,93.87,781980,VIC
2020-11-11,93.87,94.22,91.56,94.05,1032780,VIC
2020-11-12,94.05,94.94,93.34,94.94,682660,VIC
2020-11-13,94.94,96.0,94.31,95.47,535350,VIC
2020-11-16,95.47,96.45,88.89,90.67,1781800,VIC
2020-11-17,91.56,94.22,90.85,94.22,862320,VIC
2020-11-18,94.14,94.22,91.56,93.25,751270,VIC
2020-11-19,93.16,93.16,91.56,92.45,1192700,VIC
2020-11-20,92.89,92.89,91.91,92.27,533840,VIC
2020-11-23,92.45,93.42,91.65,92.27,735650,VIC
2020-11-24,92.36,93.34,91.65,92.45,812220,VIC
2020-11-25,92.53,94.4,92.53,93.87,1222490,VIC
2020-11-26,93.34,94.4,92.89,94.31,545450,VIC
2020-11-27,94.22,94.31,93.16,93.51,720830,VIC
2020-11-30,93.51,93.78,92.27,92.36,1596840,VIC
2020-12-01,91.56,93.34,91.38,93.34,953230,VIC
2020-12-02,93.25,93.78,92.62,93.34,497910,VIC
2020-12-03,93.34,94.05,92.71,94.05,731750,VIC
2020-12-04,93.96,94.67,92.89,94.05,797060,VIC
2020-12-07,94.05,94.22,93.42,94.05,678660,VIC
2020-12-08,94.05,94.05,93.16,93.34,747280,VIC
2020-12-09,93.34,94.22,92.8,94.22,789790,VIC
2020-12-10,94.22,95.11,93.25,93.25,979550,VIC
2020-12-11,93.25,94.94,93.25,94.94,569360,VIC
2020-12-14,94.85,96.8,93.78,96.8,1122380,VIC
2020-12-15,96.8,96.8,94.85,95.11,1205700,VIC
2020-12-16,94.94,95.2,94.14,95.11,756200,VIC
2020-12-17,94.49,95.11,92.98,93.07,1352580,VIC
2020-12-18,93.07,94.31,92.89,93.07,1350780,VIC
2020-12-21,93.78,94.58,93.25,94.58,587100,VIC
2020-12-22,94.22,95.56,93.6,93.96,518320,VIC
2020-12-23,93.96,95.11,93.69,93.96,701430,VIC
2020-12-24,95.11,95.11,92.45,93.96,831440,VIC
2020-12-25,93.96,94.58,93.34,94.14,370300,VIC
2020-12-28,94.14,94.76,93.69,94.14,711710,VIC
2020-12-29,94.4,94.76,94.05,94.67,612360,VIC
2020-12-30,94.85,97.42,94.85,96.45,1528950,VIC
2020-12-31,96.45,97.16,93.78,96.18,656040,VIC
2021-01-04,96.36,96.89,94.67,96.0,991100,VIC
2021-01-05,95.29,97.69,95.29,97.51,1192200,VIC
2021-01-06,97.78,98.22,96.8,97.96,1283000,VIC
2021-01-07,98.14,98.67,96.89,97.87,862300,VIC
2021-01-08,97.87,100.18,97.87,99.38,1348700,VIC
2021-01-11,100.36,101.87,100.27,101.16,1536700,VIC
2021-01-12,103.11,103.11,101.07,101.69,981100,VIC
2021-01-13,101.69,101.87,98.76,98.76,1237900,VIC
2021-01-14,99.11,99.82,97.78,98.14,1439100,VIC
2021-01-15,99.02,99.74,97.6,98.85,1238000,VIC
2021-01-18,99.56,99.65,97.87,98.05,826900,VIC
2021-01-19,98.05,98.05,91.2,91.29,1367600,VIC
2021-01-20,91.56,93.34,91.11,91.82,1875500,VIC
2021-01-21,93.34,93.51,91.56,93.42,1564600,VIC
2021-01-22,93.69,94.67,93.34,93.34,1094200,VIC
2021-01-25,93.34,94.05,92.53,93.16,827300,VIC
2021-01-26,93.16,93.34,88.53,90.22,1028600,VIC
2021-01-27,90.22,91.56,88.45,88.89,1488900,VIC
2021-01-28,83.82,85.33,82.67,82.67,1742900,VIC
2021-01-29,82.22,88.45,82.22,88.36,1692900,VIC
2021-02-01,88.36,91.56,87.82,88.0,1340000,VIC
2021-02-02,88.27,94.14,88.0,94.14,1771200,VIC
2021-02-03,93.42,96.0,93.34,95.56,1698900,VIC
2021-02-04,95.47,95.56,90.67,93.34,1022400,VIC
2021-02-05,93.34,95.56,93.34,95.56,922900,VIC
2021-02-08,95.56,95.82,89.78,89.78,3422500,VIC
2021-02-09,92.45,94.67,90.22,94.4,1758000,VIC
2021-02-17,94.49,96.0,94.4,96.0,1253600,VIC
2021-02-18,95.56,97.78,94.31,97.78,1434400,VIC
2021-02-19,95.65,97.34,95.11,96.89,1433200,VIC
2021-02-22,97.07,98.4,94.22,97.51,1481000,VIC
2021-02-23,96.27,99.29,95.56,97.78,1393900,VIC
2021-02-24,99.02,99.02,94.22,96.18,950100,VIC
2021-02-25,97.34,97.69,94.31,96.8,1013500,VIC
2021-02-26,94.4,97.69,94.4,96.89,926800,VIC
2021-03-01,96.89,97.69,95.74,96.45,777700,VIC
2021-03-02,96.45,96.98,94.4,96.18,926300,VIC
2021-03-03,94.67,96.18,94.67,95.02,1075300,VIC
2021-03-04,95.65,95.91,94.76,95.02,1671400,VIC
2021-03-05,95.02,95.56,94.05,94.49,1294800,VIC
2021-03-08,94.67,95.11,93.34,94.22,1390100,VIC
2021-03-09,93.34,94.49,88.89,92.71,1587600,VIC
2021-03-10,92.89,94.22,90.76,94.22,576300,VIC
2021-03-11,94.22,96.0,93.87,94.14,1108700,VIC
2021-03-12,94.14,94.67,93.34,94.14,1122300,VIC
2021-03-15,94.14,94.4,93.69,94.22,2632400,VIC
2021-03-16,94.22,94.22,93.25,93.69,1360600,VIC
2021-03-17,93.34,93.6,92.45,93.07,1260400,VIC
2021-03-18,93.78,94.76,93.51,94.76,1473900,VIC
2021-03-19,93.87,96.36,93.87,96.36,1625700,VIC
2021-03-22,96.36,96.36,92.89,95.38,973900,VIC
2021-03-23,94.22,95.11,93.42,94.67,1034700,VIC
2021-03-24,93.78,96.0,92.27,95.91,1104100,VIC
2021-03-25,95.29,99.91,95.2,98.14,4322000,VIC
2021-03-26,97.78,100.89,97.78,99.91,2927800,VIC
2021-03-29,100.0,100.89,99.82,100.27,3140900,VIC
2021-03-30,100.27,105.42,99.56,104.0,5179600,VIC
2021-03-31,104.45,106.22,104.0,104.8,2823600,VIC
2021-04-01,105.34,110.58,104.0,109.34,2230900,VIC
2021-04-02,110.14,110.14,108.0,109.34,2255500,VIC
2021-04-05,110.31,112.18,109.51,110.49,2249000,VIC
2021-04-06,110.49,115.11,110.22,112.89,1979400,VIC
2021-04-07,112.89,113.78,111.74,113.51,1698500,VIC
2021-04-08,114.14,114.14,110.22,111.47,1509200,VIC
2021-04-09,110.67,111.47,109.42,111.02,1755500,VIC
2021-04-12,110.94,118.05,109.69,117.34,3481900,VIC
2021-04-13,123.56,125.51,120.89,125.07,5053200,VIC
2021-04-14,124.45,126.05,122.76,124.45,4102600,VIC
2021-04-15,124.36,128.89,124.36,125.25,3419000,VIC
2021-04-16,125.25,128.09,124.45,127.11,2988000,VIC
2021-04-19,126.31,128.18,125.42,128.0,2820300,VIC
2021-04-20,128.0,129.69,127.11,127.2,3108200,VIC
2021-04-22,126.22,127.02,122.22,123.38,3319500,VIC
2021-04-23,123.56,124.0,118.22,122.94,4410000,VIC
2021-04-26,123.56,124.0,116.45,116.89,2434500,VIC
2021-04-27,116.89,118.22,116.89,117.42,1631700,VIC
2021-04-28,117.42,118.4,115.38,116.89,1613300,VIC
2021-04-29,117.25,118.22,116.18,116.45,2181100,VIC
2021-05-04,116.09,119.91,112.8,118.76,1732600,VIC
2021-05-05,118.76,120.71,118.76,118.85,1268600,VIC
2021-05-06,118.85,119.11,116.45,117.78,1064200,VIC
2021-05-07,117.34,117.34,114.22,117.34,1769100,VIC
2021-05-10,117.34,117.78,114.76,117.78,1099300,VIC
2021-05-11,117.78,118.58,116.0,116.45,1164200,VIC
2021-05-12,115.56,117.34,113.78,115.38,1390400,VIC
2021-05-13,113.78,115.56,112.45,112.45,1723500,VIC
2021-05-14,112.71,112.89,109.51,111.38,2609800,VIC
2021-05-17,112.0,115.56,110.22,110.22,2417900,VIC
2021-05-18,110.22,112.0,107.56,107.56,2452700,VIC
2021-05-19,106.67,107.56,104.98,106.76,2178400,VIC
2021-05-20,106.76,109.51,106.67,109.25,2084900,VIC
2021-05-21,109.34,109.34,107.11,108.89,1622400,VIC
2021-05-24,108.62,109.87,107.56,108.54,1985800,VIC
2021-05-25,108.8,108.8,107.74,108.71,1514900,VIC
2021-05-26,108.45,108.62,107.11,108.18,1677500,VIC
2021-05-27,107.47,107.56,105.78,106.94,2081300,VIC
2021-05-28,106.94,109.34,105.78,106.49,1847400,VIC
2021-05-31,106.49,106.67,103.11,104.45,1846800,VIC
2021-06-01,103.29,107.56,103.11,106.67,2155400,VIC
2021-06-02,106.85,108.36,104.0,104.45,3130600,VIC
2021-06-03,104.89,105.6,104.0,105.34,2488900,VIC
2021-06-04,105.34,107.56,105.34,107.56,3689200,VIC
2021-06-07,109.16,112.45,108.45,109.34,3681800,VIC
2021-06-08,111.02,111.74,105.78,106.49,2699600,VIC
2021-06-09,106.67,107.56,104.0,105.6,1813300,VIC
2021-06-10,105.34,105.96,103.56,103.56,2929000,VIC
2021-06-11,104.0,104.89,103.38,104.89,1729000,VIC
2021-06-14,105.07,107.11,104.98,106.67,1933100,VIC
2021-06-15,106.67,108.45,106.22,108.18,1348000,VIC
2021-06-16,108.18,108.18,105.78,105.87,1180600,VIC
2021-06-17,104.89,105.69,104.0,104.0,2848500,VIC
2021-06-18,104.89,105.16,104.0,104.36,1788400,VIC
2021-06-21,104.45,105.69,104.27,104.36,1497200,VIC
2021-06-22,104.89,105.51,104.09,104.45,2161600,VIC
2021-06-23,104.89,104.98,103.56,103.91,1281200,VIC
2021-06-24,104.8,105.07,103.82,104.45,1374300,VIC
2021-06-25,104.18,104.89,103.74,104.45,1763300,VIC
2021-06-28,104.45,104.54,103.74,103.74,1711000,VIC
2021-06-29,103.91,106.05,103.91,104.89,2339900,VIC
2021-06-30,104.89,108.0,104.89,105.78,2685900,VIC
2021-07-01,106.4,106.58,105.34,105.42,2194700,VIC
2021-07-02,104.98,105.69,104.45,104.45,1789100,VIC
2021-07-05,104.45,104.45,102.14,102.22,2765200,VIC
2021-07-06,102.22,103.11,99.56,99.56,3006500,VIC
2021-07-07,99.56,101.34,97.78,101.34,2507000,VIC
2021-07-08,100.45,100.45,98.22,98.67,1480900,VIC
2021-07-09,98.49,98.67,95.56,96.54,1787900,VIC
2021-07-12,96.45,97.78,90.4,92.45,2863900,VIC
2021-07-13,92.53,93.42,88.0,91.56,2355200,VIC
2021-07-14,91.56,94.58,90.67,91.56,2585100,VIC
2021-07-15,91.56,92.18,89.96,90.67,2584200,VIC
2021-07-16,90.76,94.31,90.76,94.05,2158200,VIC
2021-07-19,91.65,93.34,89.33,91.47,1851300,VIC
2021-07-20,91.2,91.82,88.89,91.56,2130300,VIC
2021-07-21,91.65,94.67,90.67,92.45,2765100,VIC
2021-07-22,92.45,94.94,92.18,94.4,2242200,VIC
2021-07-23,94.4,96.71,92.45,92.45,3088800,VIC
2021-07-26,93.16,93.69,91.65,92.62,1940200,VIC
2021-07-27,93.34,94.05,92.71,92.71,1442800,VIC
2021-07-28,92.71,93.78,92.45,93.51,1192400,VIC
2021-07-29,93.78,93.87,92.89,93.42,1076500,VIC
2021-07-30,95.11,95.38,94.22,95.29,2339200,VIC
2021-07-30,95.11,95.38,94.22,95.29,2339200,VIC
2021-08-02,95.56,97.42,95.02,95.56,1682400,VIC
2021-08-03,97.25,102.22,96.89,101.78,7293100,VIC
2021-08-04,102.67,103.47,101.34,101.34,2882400,VIC
2021-08-05,101.07,102.22,100.36,101.34,2049200,VIC
2021-08-06,102.22,103.02,100.71,100.71,3021900,VIC
2021-08-09,100.62,101.07,99.2,100.54,3219800,VIC
2021-08-10,102.22,102.22,100.45,100.45,2830600,VIC
2021-08-11,100.45,101.34,98.67,98.67,2382000,VIC
2021-08-12,98.67,100.36,98.22,98.76,1833400,VIC
2021-08-13,99.11,99.74,98.22,98.58,2119300,VIC
2021-08-16,99.56,100.18,98.31,98.31,3085800,VIC
2021-08-17,100.0,103.4,98.9,98.9,4887500,VIC
2021-08-18,99.0,100.2,97.9,97.9,2297700,VIC
2021-08-19,97.9,104.0,96.7,104.0,3521100,VIC
2021-08-20,100.0,102.0,97.2,97.7,4953900,VIC
2021-08-23,97.5,97.7,95.8,96.2,2161000,VIC
2021-08-24,96.4,97.0,95.1,95.4,1417400,VIC
2021-08-25,95.4,95.4,93.0,94.6,2057000,VIC
2021-08-26,94.6,94.6,93.0,93.1,1766200,VIC
2021-08-27,93.0,95.0,91.5,94.8,2485900,VIC
2021-08-30,95.0,95.3,94.1,94.1,1414900,VIC
2021-08-31,94.1,95.1,93.8,94.1,1529600,VIC
2021-09-01,94.1,95.0,94.1,94.1,1303100,VIC
2021-09-06,94.4,95.8,94.2,95.0,1928800,VIC
2021-09-07,95.5,95.5,93.9,93.9,2280200,VIC
2021-09-08,94.0,94.3,92.0,92.0,2505700,VIC
2021-09-09,92.2,92.4,91.3,91.3,2696600,VIC
2021-09-10,91.8,92.0,91.3,91.3,1614600,VIC
2021-09-13,91.8,93.4,91.6,92.0,1828100,VIC
2021-09-14,92.3,92.9,91.9,92.0,1419300,VIC
2021-09-15,92.0,92.4,91.3,91.4,1037000,VIC
2021-09-16,91.4,91.4,87.8,87.8,15130200,VIC
2021-09-17,88.0,89.2,86.8,86.8,5567900,VIC
2021-09-20,87.0,88.9,86.0,86.7,4014800,VIC
2021-09-21,85.5,86.4,85.0,85.6,4524800,VIC
2021-09-22,85.6,86.9,85.4,86.1,2845500,VIC
2021-09-23,86.5,87.4,86.4,87.1,2664100,VIC
2021-09-24,87.1,87.5,86.3,87.0,3207900,VIC
2021-09-27,87.0,87.5,83.2,86.1,3000800,VIC
2021-09-28,85.3,87.0,85.2,86.5,2387300,VIC
2021-09-29,86.7,86.9,86.0,86.7,1911200,VIC
2021-09-30,86.5,89.4,86.5,88.0,3404700,VIC
2021-10-01,88.0,88.4,87.2,87.7,1734200,VIC
2021-10-04,87.6,88.0,87.1,87.8,1565200,VIC
2021-10-05,87.8,88.8,87.1,88.6,2370600,VIC
2021-10-06,88.8,89.0,88.1,88.6,1736800,VIC
2021-10-07,88.3,89.5,88.3,88.8,2290900,VIC
2021-10-08,89.0,89.5,88.8,89.3,1298500,VIC
2021-10-11,89.4,92.0,89.4,91.9,2694300,VIC
2021-10-12,92.0,93.0,92.0,92.9,2438700,VIC
2021-10-13,93.0,93.8,92.8,93.1,2581200,VIC
2021-10-14,93.2,93.2,91.5,92.5,2677900,VIC
2021-10-15,92.5,93.0,92.0,92.6,1553700,VIC
2021-10-18,92.3,92.9,91.1,92.6,2039400,VIC
2021-10-19,92.6,92.7,91.5,92.4,1686700,VIC
2021-10-20,92.3,92.5,89.9,92.3,3128600,VIC
2021-10-21,91.7,92.6,91.0,91.0,2847400,VIC
2021-10-22,91.0,91.8,90.8,91.8,1428000,VIC
2021-10-25,91.9,92.5,91.2,92.1,1341200,VIC
2021-10-26,91.8,92.2,90.9,92.2,1335900,VIC
2021-10-27,92.0,95.0,91.6,95.0,3908900,VIC
2021-10-28,95.0,95.4,93.6,95.0,2086100,VIC
2021-10-29,94.2,96.5,94.2,95.8,2268000,VIC
2021-11-01,95.8,96.0,94.9,95.8,2226600,VIC
2021-11-02,95.7,96.0,94.9,95.8,1647800,VIC
2021-11-03,95.8,95.8,93.9,95.3,3568200,VIC
2021-11-04,95.2,95.5,94.0,95.0,1879100,VIC
2021-11-05,94.5,95.0,94.0,95.0,1786600,VIC
2021-11-08,95.0,95.5,94.5,94.9,1792000,VIC
2021-11-09,95.4,95.4,93.2,94.9,2373800,VIC
2021-11-10,95.1,95.2,93.6,94.9,1680500,VIC
2021-11-11,94.9,95.0,93.9,94.8,2186600,VIC
2021-11-12,94.8,94.8,93.9,94.5,1133100,VIC
2021-11-15,94.5,95.1,94.0,95.0,1922400,VIC
2021-11-16,95.0,95.1,93.9,94.8,1643900,VIC
2021-11-17,94.7,97.0,94.2,96.3,2815800,VIC
2021-11-18,97.0,98.5,94.5,94.5,3871100,VIC
2021-11-19,94.6,96.0,94.0,94.8,2032500,VIC
2021-11-22,94.5,95.0,93.0,94.8,2152100,VIC
2021-11-23,94.0,95.0,93.5,94.8,1382700,VIC
2021-11-24,94.8,95.2,93.5,94.1,2045100,VIC
2021-11-25,94.8,94.8,93.8,94.0,1401800,VIC
2021-11-26,95.9,100.0,95.2,98.5,8681700,VIC
2021-11-29,99.0,105.3,98.5,105.3,8742300,VIC
2021-11-30,105.5,106.9,103.5,105.0,4674300,VIC
2021-12-01,105.0,107.3,104.0,106.0,4082000,VIC
2021-12-02,106.0,108.5,105.1,107.2,4428600,VIC
2021-12-03,109.1,109.6,105.5,105.5,5152400,VIC
2021-12-06,107.9,109.0,103.6,105.6,5825100,VIC
2021-12-07,107.4,107.5,105.6,106.7,3026300,VIC
2021-12-08,106.5,107.0,103.5,105.9,3539500,VIC
2021-12-09,105.0,107.5,104.0,107.0,3173400,VIC
2021-12-10,107.0,107.2,103.1,103.1,3080600,VIC
2021-12-13,102.7,104.5,101.0,103.2,4076200,VIC
2021-12-14,103.0,103.1,101.6,102.5,2629100,VIC
2021-12-15,102.7,102.7,99.9,100.0,2897300,VIC
2021-12-16,100.0,101.5,98.3,100.0,3095200,VIC
2021-12-17,100.0,102.7,98.8,102.0,6655000,VIC
2021-12-20,102.0,102.0,99.0,99.0,1372800,VIC
2021-12-21,99.0,100.8,98.1,98.1,1467300,VIC
2021-12-22,98.2,100.1,98.2,99.6,2410600,VIC
2021-12-23,99.6,100.0,96.0,96.0,2771100,VIC
2021-12-24,96.5,96.9,95.1,96.5,1415500,VIC
2021-12-27,97.0,99.0,96.5,99.0,1907500,VIC
2021-12-28,99.1,99.3,96.5,98.4,1737300,VIC
2021-12-29,98.0,98.0,95.2,95.5,2291900,VIC
2021-12-30,95.8,96.4,95.0,95.0,1662400,VIC
2021-12-31,95.2,96.3,94.2,95.1,1267000,VIC
2022-01-04,96.0,101.5,95.7,101.0,3071100,VIC
2022-01-05,100.8,102.2,99.5,100.0,3396500,VIC
2022-01-06,101.0,106.4,100.5,104.5,5061400,VIC
2022-01-07,106.4,106.4,102.2,102.2,3108800,VIC
2022-01-10,102.5,105.5,102.2,102.3,2908500,VIC
2022-01-11,102.0,102.0,99.8,101.0,2240600,VIC
2022-01-12,101.5,101.5,98.0,100.8,2338500,VIC
2022-01-13,101.0,101.0,98.5,98.8,1955700,VIC
2022-01-14,98.2,99.6,98.2,98.9,1017400,VIC
2022-01-17,99.0,99.2,94.5,97.0,2628900,VIC
2022-01-18,97.0,97.0,94.1,95.9,2032000,VIC
2022-01-19,95.0,95.9,93.5,95.8,2479700,VIC
2022-01-20,94.6,96.3,94.6,95.0,1689300,VIC
2022-01-21,95.9,96.0,93.3,95.5,3192800,VIC
2022-01-24,94.9,96.0,92.5,95.0,3935300,VIC
2022-01-25,95.0,97.7,93.4,96.0,3198400,VIC
2022-01-26,96.5,96.5,94.5,96.4,1932000,VIC
2022-01-27,96.5,96.5,94.2,96.5,2559000,VIC
2022-01-28,95.1,97.0,94.5,97.0,2999600,VIC
2022-02-07,96.4,97.5,91.2,91.2,7413400,VIC
2022-02-08,91.3,92.3,86.7,87.3,8010800,VIC
2022-02-09,87.6,88.7,84.9,85.7,8812500,VIC
2022-02-10,85.7,86.0,81.7,84.0,11088500,VIC
2022-02-11,83.0,83.6,81.5,81.7,7846400,VIC
2022-02-14,81.7,84.0,80.7,81.8,4973500,VIC
2022-02-15,82.0,83.8,81.8,83.7,3001500,VIC
2022-02-16,83.9,83.9,82.7,82.9,1986000,VIC
2022-02-17,82.8,83.5,82.0,83.1,2865600,VIC
2022-02-18,82.5,82.8,82.0,82.2,2914400,VIC
2022-02-21,82.1,83.8,82.0,83.6,2513700,VIC
2022-02-22,83.0,83.3,81.8,82.0,2975200,VIC
2022-02-23,82.1,82.5,82.0,82.5,1439000,VIC
2022-02-24,82.3,82.4,79.3,80.1,6367500,VIC
2022-02-25,80.9,80.9,79.1,79.1,3385500,VIC
2022-02-28,79.5,79.5,77.0,77.0,4678600,VIC
2022-03-01,77.1,79.9,77.0,79.2,3467600,VIC
2022-03-02,79.2,79.2,77.2,78.9,2401000,VIC
2022-03-03,78.9,80.4,78.3,79.0,2610400,VIC
2022-03-04,79.0,79.3,77.8,79.0,3817400,VIC
2022-03-07,78.4,79.0,77.3,78.5,2442600,VIC
2022-03-08,78.0,78.9,77.1,77.9,4290200,VIC
2022-03-09,78.1,78.7,77.3,78.0,3049900,VIC
2022-03-10,78.5,80.6,78.0,79.1,4366600,VIC
2022-03-11,78.8,79.0,77.8,79.0,2222400,VIC
2022-03-14,78.8,78.8,77.4,78.3,2622700,VIC
2022-03-15,78.0,78.6,77.0,78.3,2733900,VIC
2022-03-16,78.3,78.4,77.2,78.1,2950000,VIC
2022-03-17,78.3,78.5,77.3,78.2,2565900,VIC
2022-03-18,78.3,79.5,77.4,78.8,5520700,VIC
2022-03-21,78.8,81.0,78.3,81.0,3705300,VIC
2022-03-22,81.0,82.4,81.0,82.2,3631800,VIC
2022-03-23,82.1,82.4,81.4,81.4,1529200,VIC
2022-03-24,81.4,81.4,80.4,81.0,1995200,VIC
2022-03-25,80.6,81.0,79.7,81.0,2193500,VIC
2022-03-28,79.9,81.2,79.7,80.5,2339900,VIC
2022-03-29,80.0,81.8,79.8,80.8,2798300,VIC
2022-03-30,82.5,82.7,80.4,81.1,3088400,VIC
2022-03-31,81.1,82.3,81.0,81.2,1372000,VIC
2022-04-01,81.4,82.5,80.9,82.1,2609900,VIC
2022-04-04,82.5,82.8,81.5,82.7,2730500,VIC
2022-04-05,82.5,83.1,81.7,82.3,3591100,VIC
2022-04-06,80.5,82.3,79.5,80.5,5679100,VIC
2022-04-07,80.2,80.3,77.6,79.5,3704800,VIC
2022-04-08,80.0,82.4,80.0,81.7,5192000,VIC
2022-04-12,81.4,81.4,80.3,81.3,2356500,VIC
2022-04-13,81.0,82.3,80.7,82.2,3146300,VIC
2022-04-14,81.6,82.2,81.1,81.7,1763700,VIC
2022-04-15,81.5,81.8,80.6,80.7,1678400,VIC
2022-04-18,80.0,80.1,78.1,79.5,2984700,VIC
2022-04-19,78.6,79.8,77.8,78.8,1816000,VIC
2022-04-20,78.0,79.8,78.0,79.3,1713900,VIC
2022-04-21,79.0,79.5,77.5,77.5,2684300,VIC
2022-04-22,77.7,79.0,77.6,77.7,1867300,VIC
2022-04-25,77.8,79.2,72.7,76.2,2738000,VIC
2022-04-26,73.5,78.5,73.5,78.0,3661700,VIC
2022-04-27,77.5,78.0,75.0,78.0,2793500,VIC
2022-04-28,78.0,78.2,76.3,77.9,1386100,VIC
2022-04-29,77.5,80.0,76.6,80.0,2148700,VIC
2022-05-04,79.6,80.0,77.7,79.7,1436000,VIC
2022-05-05,79.6,80.0,78.5,80.0,1858600,VIC
2022-05-06,78.5,80.0,78.0,79.8,1690000,VIC
2022-05-09,78.7,79.2,77.9,79.1,2428900,VIC
2022-05-10,78.9,80.4,78.1,80.4,2617900,VIC
2022-05-11,80.2,80.5,78.7,80.5,1983600,VIC
2022-05-12,80.0,80.0,77.1,79.0,2474100,VIC
2022-05-13,79.0,79.0,77.2,78.0,3134600,VIC
2022-05-16,79.0,79.0,76.2,77.0,1994100,VIC
2022-05-17,76.0,78.0,75.2,78.0,1857400,VIC
2022-05-18,78.0,78.0,76.0,78.0,2964900,VIC
2022-05-19,76.4,79.0,76.2,77.9,2650300,VIC
2022-05-20,77.9,77.9,76.5,77.8,2331100,VIC
2022-05-23,77.6,77.7,76.2,77.4,2644700,VIC
2022-05-24,77.0,77.6,76.4,77.6,1568300,VIC
2022-05-25,77.6,78.1,76.7,77.7,1360400,VIC
2022-05-26,77.7,77.7,76.8,77.7,2076700,VIC
2022-05-27,77.4,78.0,77.0,78.0,1575800,VIC
2022-05-30,78.0,78.5,77.2,78.5,1390900,VIC
2022-05-31,78.0,79.5,77.7,78.8,1776600,VIC
2022-06-01,78.6,79.4,78.3,79.3,1539200,VIC
2022-06-02,79.2,79.2,77.6,78.9,2935600,VIC
2022-06-03,78.1,79.2,78.0,78.8,1249100,VIC
2022-06-06,78.7,78.9,77.9,78.5,1503500,VIC
2022-06-07,78.5,78.5,77.7,78.0,1562200,VIC
2022-06-08,77.8,78.7,77.6,78.1,1441700,VIC
2022-06-09,78.0,78.2,77.3,78.1,1542100,VIC
2022-06-10,77.8,78.2,77.5,78.0,979600,VIC
2022-06-13,76.6,77.4,76.2,76.4,1795500,VIC
2022-06-14,76.2,76.6,75.2,76.6,2058500,VIC
2022-06-15,76.6,76.9,75.3,76.7,2037200,VIC
2022-06-16,76.0,77.7,75.8,76.6,1597800,VIC
2022-06-17,75.8,76.6,75.1,76.6,3725300,VIC
2022-06-20,76.6,76.6,75.3,75.6,2132800,VIC
2022-06-21,75.2,75.2,73.8,75.0,1956200,VIC
2022-06-22,74.7,75.0,73.6,75.0,1418900,VIC
2022-06-23,74.1,74.2,73.0,74.2,1548900,VIC
2022-06-24,73.5,74.6,72.0,74.6,1514800,VIC
2022-06-27,73.8,74.8,73.5,73.8,1822400,VIC
2022-06-28,73.0,73.8,72.4,73.6,2228300,VIC
2022-06-29,72.8,73.4,72.3,73.4,1429300,VIC
2022-06-30,72.7,73.5,72.4,73.5,1878800,VIC
2022-07-01,73.2,73.4,72.1,72.6,1866600,VIC
2022-07-04,72.4,72.7,72.2,72.7,758300,VIC
2022-07-05,72.7,72.8,72.0,72.3,1478700,VIC
2022-07-06,72.0,72.1,67.5,67.5,2171700,VIC
2022-07-07,68.0,69.8,66.5,69.8,2174100,VIC
2022-07-08,70.0,70.7,67.5,70.0,1413800,VIC
2022-07-11,67.7,70.0,66.2,70.0,2385900,VIC
2022-07-12,68.6,70.2,68.0,69.9,1212400,VIC
2022-07-13,68.6,70.0,68.3,69.5,2004600,VIC
2022-07-14,69.5,69.8,68.5,69.5,1414300,VIC
2022-07-15,69.1,69.8,68.6,69.6,1582500,VIC
2022-07-18,69.6,69.6,68.0,68.0,1088000,VIC
2022-07-19,68.0,69.0,68.0,68.8,655400,VIC
2022-07-20,68.8,69.0,68.2,68.2,626100,VIC
2022-07-21,68.2,68.8,68.1,68.5,930600,VIC
2022-07-22,68.1,68.5,66.5,66.5,674700,VIC
2022-07-25,66.9,67.4,66.5,67.3,755800,VIC
2022-07-26,66.1,67.6,66.1,66.1,592700,VIC
2022-07-27,66.2,66.8,66.0,66.5,581400,VIC
2022-07-28,66.6,67.1,66.0,67.0,1152200,VIC
2022-07-29,67.8,67.8,64.0,64.0,1908500,VIC
2022-08-01,64.9,65.1,64.1,64.7,1261800,VIC
2022-08-02,64.8,66.6,64.5,66.6,1372600,VIC
2022-08-03,65.8,66.4,65.1,66.0,1250700,VIC
2022-08-04,66.0,66.4,65.4,66.4,1146000,VIC
2022-08-05,65.9,66.2,65.2,65.4,1134900,VIC
2022-08-08,65.4,65.7,64.6,64.6,1010300,VIC
2022-08-09,64.8,65.4,64.7,65.3,792000,VIC
2022-08-10,65.0,65.6,64.7,64.8,967900,VIC
2022-08-11,65.6,66.4,65.0,65.8,1674000,VIC
2022-08-12,65.8,66.2,65.5,66.2,811200,VIC
2022-08-15,66.3,66.5,66.1,66.4,802100,VIC
2022-08-16,66.4,66.4,65.7,65.9,862200,VIC
2022-08-17,66.2,67.8,66.0,67.3,2201000,VIC
2022-08-18,67.2,69.3,67.2,68.1,2769100,VIC
2022-08-19,68.0,68.4,66.8,67.9,1221600,VIC
2022-08-22,67.2,68.0,66.0,66.0,1469100,VIC
2022-08-23,65.5,65.6,64.8,65.0,1437800,VIC
2022-08-24,65.2,65.8,64.9,64.9,787500,VIC
2022-08-25,65.0,65.9,65.0,65.9,483000,VIC
2022-08-26,66.0,66.0,65.0,65.0,861300,VIC
2022-08-29,64.3,64.4,63.0,63.6,1337500,VIC
2022-08-30,63.6,64.1,63.2,63.6,868400,VIC
2022-08-31,64.0,65.7,63.7,63.7,1236800,VIC
2022-09-05,64.8,65.2,64.0,64.0,1310100,VIC
2022-09-06,64.1,64.8,63.1,63.3,1335600,VIC
2022-09-07,63.3,63.4,62.5,62.5,1347400,VIC
2022-09-08,63.3,63.6,62.4,62.9,841200,VIC
2022-09-09,63.2,64.4,62.9,64.4,1193800,VIC
2022-09-12,64.9,64.9,63.8,64.0,565490,VIC
2022-09-13,64.0,64.3,63.6,64.1,1059100,VIC
2022-09-14,63.5,63.7,62.1,63.4,711000,VIC
2022-09-15,63.5,64.0,62.8,63.9,851300,VIC
2022-09-16,63.2,64.5,62.5,62.5,1684400,VIC
2022-09-19,62.5,63.3,62.1,62.9,786000,VIC
2022-09-20,62.6,63.9,62.6,63.9,800100,VIC
2022-09-21,63.5,63.6,62.7,63.1,482700,VIC
2022-09-22,62.5,63.3,58.7,63.3,1238700,VIC
2022-09-23,63.0,63.3,62.0,62.6,324200,VIC
2022-09-26,61.8,62.6,61.6,62.0,1195900,VIC
2022-09-27,62.1,62.2,60.8,61.0,639100,VIC
2022-09-28,60.1,60.8,57.5,57.5,1140042,VIC
2022-09-29,57.7,58.2,54.3,54.6,1703831,VIC
2022-09-30,53.3,56.4,53.3,55.0,1726677,VIC
2022-10-03,54.9,55.5,53.0,55.5,1454200,VIC
2022-10-04,56.0,57.0,54.6,57.0,1298767,VIC
2022-10-05,57.5,60.9,57.0,60.0,1331058,VIC
2022-10-06,59.8,62.0,58.1,60.1,1013462,VIC
2022-10-07,60.5,60.7,58.3,60.2,2990364,VIC
2022-10-10,60.2,60.9,57.7,60.2,1240370,VIC
2022-10-11,58.3,60.1,56.7,60.0,2188180,VIC
2022-10-12,60.0,60.2,58.3,60.0,1710920,VIC
2022-10-13,58.7,61.0,58.2,60.4,1247332,VIC
2022-10-14,60.5,60.5,58.4,59.7,780282,VIC
2022-10-17,58.6,59.0,56.0,56.0,739577,VIC
2022-10-18,56.5,58.6,56.5,58.4,607184,VIC
2022-10-19,58.5,58.7,56.5,58.5,827188,VIC
2022-10-20,58.1,58.7,57.2,58.6,1099747,VIC
2022-10-21,58.5,58.5,54.5,56.8,1415682,VIC
2022-10-24,56.0,56.6,52.9,56.5,1607542,VIC
2022-10-25,56.3,56.3,53.0,56.1,1448232,VIC
2022-10-26,56.1,56.1,53.5,54.8,1055285,VIC
2022-10-27,54.6,55.0,52.5,55.0,1976151,VIC
2022-10-28,55.4,55.8,53.5,55.7,1282095,VIC
2022-10-31,56.0,56.4,54.3,55.4,1053482,VIC
2022-11-01,55.7,55.8,54.0,55.4,1420065,VIC
2022-11-02,55.3,55.4,54.0,55.4,1352984,VIC
2022-11-03,54.4,55.1,54.3,55.1,910188,VIC
2022-11-04,54.9,54.9,52.1,54.3,1618605,VIC
2022-11-07,54.0,54.0,51.7,53.4,1703767,VIC
2022-11-08,52.2,53.3,49.7,53.3,2478285,VIC
2022-11-09,53.3,54.3,52.2,53.7,1574729,VIC
2022-11-10,53.6,54.0,52.0,53.0,1558644,VIC
2022-11-11,53.0,54.8,52.5,54.3,940000,VIC
2022-11-14,54.2,55.5,53.1,55.0,1395876,VIC
2022-11-15,55.9,57.5,55.0,57.0,1586278,VIC
2022-11-16,56.9,60.9,56.1,60.4,2254533,VIC
2022-11-17,62.4,64.6,60.5,64.6,4787437,VIC
2022-11-18,66.9,66.9,63.1,65.6,1695536,VIC
2022-11-21,66.0,66.7,63.6,64.0,1199950,VIC
2022-11-22,64.0,65.9,61.0,61.0,1468940,VIC
2022-11-23,60.1,62.6,59.7,59.7,999996,VIC
2022-11-24,60.0,62.1,60.0,61.0,1143167,VIC
2022-11-25,63.0,65.0,62.6,65.0,2292151,VIC
2022-11-28,66.5,67.1,65.0,65.0,3252062,VIC
2022-11-29,65.0,69.4,64.2,69.4,3561790,VIC
2022-11-30,69.5,70.2,68.0,69.6,3226645,VIC
2022-12-01,69.4,69.6,66.0,66.0,3206230,VIC
2022-12-02,65.1,68.8,65.1,68.8,3592976,VIC
2022-12-05,68.8,70.0,68.0,68.1,2303741,VIC
2022-12-06,68.1,68.5,65.0,66.6,1804317,VIC
2022-12-07,69.2,71.2,68.5,71.2,9426463,VIC
2022-12-08,74.4,74.5,69.9,69.9,5604561,VIC
2022-12-09,70.5,71.7,67.8,67.8,2662316,VIC
2022-12-12,67.8,68.0,63.1,63.1,2853579,VIC
2022-12-13,63.9,64.0,60.1,61.6,2864545,VIC
2022-12-14,62.5,63.7,60.3,60.8,2900038,VIC
2022-12-15,61.1,61.6,60.3,60.6,2313666,VIC
2022-12-16,60.6,60.8,58.4,58.4,3288241,VIC
2022-12-19,59.0,59.4,56.5,56.5,2877847,VIC
2022-12-20,56.5,57.8,55.1,55.9,2090520,VIC
2022-12-21,56.6,57.0,54.8,54.9,2479936,VIC
2022-12-22,56.0,57.0,55.0,55.0,2435389,VIC
2022-12-23,55.3,55.9,53.9,55.1,1868217,VIC
2022-12-26,55.0,55.0,52.5,52.9,2370953,VIC
2022-12-27,52.9,54.8,52.1,53.4,1847234,VIC
2022-12-28,53.5,53.5,52.1,53.5,2090197,VIC
2022-12-29,53.2,54.0,52.5,53.6,2136670,VIC
2022-12-30,53.8,53.9,53.0,53.8,2462702,VIC
2023-01-03,53.8,56.8,53.4,56.8,2010563,VIC
2023-01-04,56.9,57.1,55.9,56.0,1930194,VIC
2023-01-05,56.1,56.9,55.8,56.2,1643187,VIC
2023-01-06,56.0,56.1,54.9,56.1,1952310,VIC
2023-01-09,56.2,56.2,55.0,55.0,1205370,VIC
2023-01-10,55.0,55.0,53.6,54.5,1744647,VIC
2023-01-11,54.5,55.5,54.1,55.1,1087037,VIC
2023-01-12,55.5,55.5,54.5,55.0,1067878,VIC
2023-01-13,55.0,55.3,54.4,55.0,1224806,VIC
2023-01-16,55.0,55.0,53.4,54.8,1688302,VIC
2023-01-17,53.5,55.2,53.5,55.2,1372574,VIC
2023-01-18,55.4,56.7,55.0,56.7,1648359,VIC
2023-01-19,56.3,57.4,56.0,57.4,2344625,VIC
2023-01-27,57.8,59.3,57.6,59.2,2199758,VIC
2023-01-30,59.5,59.5,57.5,57.7,1126330,VIC
2023-01-31,58.1,58.5,56.5,57.1,1379316,VIC
2023-02-01,57.6,57.6,54.8,55.2,1853669,VIC
2023-02-02,55.2,56.1,55.1,55.8,1329685,VIC
2023-02-03,56.0,56.0,55.0,56.0,1200061,VIC
2023-02-06,55.3,56.0,54.3,56.0,1417065,VIC
2023-02-07,56.0,56.0,53.6,55.0,1646544,VIC
2023-02-08,54.6,54.6,53.0,54.4,2147467,VIC
2023-02-09,53.5,54.5,52.4,54.2,3008207,VIC
2023-02-10,53.5,54.3,52.6,54.0,1696761,VIC
2023-02-13,53.1,53.6,52.5,53.4,1406340,VIC
2023-02-14,53.1,53.1,50.8,52.9,3118622,VIC
2023-02-15,52.7,52.9,50.9,52.9,3346862,VIC
2023-02-16,53.0,53.7,51.4,53.4,3241560,VIC
2023-02-17,53.4,53.5,52.2,53.5,1872572,VIC
2023-02-20,53.3,55.0,53.0,54.1,1517061,VIC
2023-02-21,54.2,54.7,53.7,54.3,1503769,VIC
2023-02-22,53.5,53.6,52.4,53.0,2558497,VIC
2023-02-23,52.8,53.1,51.1,53.0,2388323,VIC
2023-02-24,52.1,52.9,51.7,52.9,2206998,VIC
2023-02-27,52.0,52.5,51.4,52.5,1390624,VIC
2023-02-28,52.5,53.0,52.0,52.6,913373,VIC
2023-03-01,52.0,53.3,51.6,52.7,795590,VIC
2023-03-02,52.5,53.3,52.3,52.8,769696,VIC
2023-03-03,52.8,53.0,52.2,52.7,786515,VIC
2023-03-06,52.7,53.3,52.1,52.6,1570363,VIC
2023-03-07,53.0,53.2,52.4,52.7,1443135,VIC
2023-03-08,52.2,53.3,52.2,53.0,832601,VIC
2023-03-09,53.0,53.6,52.6,53.0,1038232,VIC
2023-03-10,53.0,53.3,52.5,53.1,900385,VIC
2023-03-13,53.1,53.4,52.5,53.3,997492,VIC
2023-03-14,53.2,53.2,52.6,53.0,1019920,VIC
2023-03-15,53.0,54.0,53.0,54.0,1178538,VIC
2023-03-16,54.0,55.7,53.0,53.3,3157702,VIC
2023-03-17,53.9,54.0,52.4,53.2,3121949,VIC
2023-03-20,53.0,53.2,51.4,52.8,3363500,VIC
2023-03-21,52.8,53.4,51.6,52.8,1767309,VIC
2023-03-22,52.6,52.9,52.1,52.8,1798006,VIC
2023-03-23,52.2,52.8,52.1,52.8,2074275,VIC
2023-03-24,52.8,53.7,52.5,53.3,831551,VIC
2023-03-27,53.3,53.8,52.8,53.3,702791,VIC
2023-03-28,53.3,53.6,53.2,53.4,783785,VIC
2023-03-29,53.5,53.6,52.9,53.5,586147,VIC
2023-03-30,53.5,54.9,53.4,53.7,994908,VIC
2023-03-31,53.6,55.2,53.6,55.0,2620659,VIC
2023-04-03,55.9,58.8,55.6,58.0,4855219,VIC
2023-04-04,58.5,58.7,56.8,56.8,1873373,VIC
2023-04-05,56.7,56.7,55.0,55.5,1975351,VIC
2023-04-06,56.4,56.4,54.5,54.5,2066461,VIC
2023-04-07,55.0,55.0,53.4,54.4,2380942,VIC
2023-04-10,54.5,54.6,53.3,53.8,2146135,VIC
2023-04-11,53.7,53.7,52.8,53.6,1848162,VIC
2023-04-12,53.3,53.5,52.6,53.1,3647130,VIC
2023-04-13,53.1,53.5,52.7,53.0,1921142,VIC
2023-04-14,53.2,53.5,52.7,52.9,1664261,VIC
2023-04-17,52.9,53.0,52.4,52.9,1758658,VIC
2023-04-18,52.9,52.9,52.4,52.8,1756337,VIC
2023-04-19,52.6,52.7,52.3,52.6,1746672,VIC
2023-04-20,52.5,52.7,52.2,52.6,1217699,VIC
2023-04-21,52.6,52.7,52.1,52.7,1699992,VIC
2023-04-24,52.7,52.7,52.2,52.6,1496627,VIC
2023-04-25,52.8,52.8,51.8,52.5,2717851,VIC
2023-04-26,52.4,52.4,51.7,51.9,1836987,VIC
2023-04-27,51.8,51.8,50.5,50.5,3597812,VIC
2023-04-28,50.6,52.1,50.6,52.1,2242703,VIC
2023-05-04,52.1,52.1,51.1,51.3,1499378,VIC
2023-05-05,50.9,51.4,50.6,50.7,1299514,VIC
2023-05-08,50.7,50.9,50.5,50.9,1338752,VIC
2023-05-09,50.9,51.0,50.4,50.6,1114436,VIC
2023-05-10,50.8,50.8,50.4,50.6,1070093,VIC
2023-05-11,50.7,50.7,50.3,50.5,1191201,VIC
2023-05-12,50.7,51.9,50.5,51.7,2093909,VIC
2023-05-15,54.9,54.9,54.0,54.4,4523393,VIC
2023-05-16,54.6,54.8,52.8,52.9,2624245,VIC
2023-05-17,52.9,53.8,52.5,53.2,2169972,VIC
2023-05-18,53.6,53.8,53.0,53.2,2080586,VIC
2023-05-19,53.4,53.4,52.1,52.5,1934303,VIC
2023-05-22,52.5,52.7,51.9,52.1,1857211,VIC
2023-05-23,52.2,53.5,52.2,52.6,2021009,VIC
2023-05-24,52.8,52.8,52.3,52.6,1291275,VIC
2023-05-25,52.6,52.7,52.2,52.6,1454432,VIC
2023-05-26,52.4,52.5,52.0,52.0,1594510,VIC
2023-05-29,52.0,52.9,52.0,52.7,1382409,VIC
2023-05-30,52.7,52.9,52.3,52.4,1316559,VIC
2023-05-31,52.4,52.4,52.0,52.0,2433098,VIC
2023-06-01,52.0,52.2,51.6,52.0,1528292,VIC
2023-06-02,52.0,52.3,51.9,52.0,1732748,VIC
2023-06-05,52.1,52.5,52.0,52.1,1826290,VIC
2023-06-06,52.2,53.2,52.2,53.2,2121567,VIC
2023-06-07,53.3,53.6,52.6,52.8,1657766,VIC
2023-06-08,52.8,53.0,52.4,52.4,1437545,VIC
2023-06-09,52.5,52.6,52.2,52.3,820401,VIC
2023-06-12,52.5,53.4,52.5,53.4,1713480,VIC
2023-06-13,53.7,54.3,53.3,54.1,2113725,VIC
2023-06-14,54.1,54.7,53.8,53.8,2244674,VIC
2023-06-15,53.8,54.5,53.3,53.5,2116777,VIC
2023-06-16,53.8,54.0,52.6,53.5,3881247,VIC
2023-06-19,53.8,53.8,52.1,52.1,2317886,VIC
2023-06-20,52.0,52.5,51.9,52.0,1465724,VIC
2023-06-21,52.1,52.4,51.7,52.4,2072812,VIC
2023-06-22,52.7,52.8,52.0,52.4,1628084,VIC
2023-06-23,52.1,52.3,51.9,52.0,2179786,VIC
2023-06-26,52.1,52.7,51.9,52.2,1525987,VIC
2023-06-27,52.2,53.0,52.2,52.4,2489564,VIC
2023-06-28,52.6,52.7,52.0,52.2,1895175,VIC
2023-06-29,52.2,52.4,51.8,51.8,1629424,VIC
2023-06-30,51.8,51.9,51.0,51.0,1745122,VIC
2023-07-03,51.5,51.7,51.1,51.1,1867937,VIC
2023-07-04,51.5,51.5,51.1,51.3,1360815,VIC
2023-07-05,51.4,51.6,50.9,51.0,2480776,VIC
2023-07-06,51.0,51.4,50.4,50.4,2602584,VIC
2023-07-07,50.5,50.6,50.0,50.1,2943357,VIC
2023-07-10,50.5,51.2,50.2,50.9,3347583,VIC
2023-07-11,51.0,51.3,50.8,50.8,1930185,VIC
2023-07-12,51.1,51.9,50.8,51.4,2297942,VIC
2023-07-13,51.5,52.0,51.2,51.5,1895478,VIC
2023-07-14,51.8,51.8,51.0,51.4,2015747,VIC
2023-07-17,51.6,53.1,51.4,52.9,4608596,VIC
2023-07-18,53.0,53.1,52.6,52.7,2093493,VIC
2023-07-19,52.9,52.9,52.1,52.1,1818238,VIC
2023-07-20,52.1,52.6,51.6,52.0,1895148,VIC
2023-07-21,52.0,52.3,51.6,52.1,2326086,VIC
2023-07-24,52.2,52.6,51.8,52.0,2623551,VIC
2023-07-25,52.1,52.2,51.5,51.5,3805339,VIC
2023-07-26,51.4,51.9,51.0,51.0,4122874,VIC
2023-07-27,51.0,51.5,50.8,51.1,3933883,VIC
2023-07-28,51.1,51.6,50.9,51.5,3551550,VIC
2023-07-31,55.1,55.1,54.6,55.1,10568791,VIC
2023-08-01,58.8,58.9,58.0,58.9,12267009,VIC
2023-08-02,59.0,59.9,58.1,58.3,12356610,VIC
2023-08-03,58.3,59.5,58.0,58.2,7526045,VIC
2023-08-04,59.0,62.2,59.0,62.2,21219751,VIC
2023-08-07,63.5,64.3,62.4,63.9,8098179,VIC
2023-08-08,64.0,67.5,63.6,67.0,11064274,VIC
2023-08-09,67.0,67.8,65.7,65.8,9776179,VIC
2023-08-10,66.3,68.4,66.1,67.9,7903503,VIC
2023-08-11,72.6,72.6,72.1,72.6,23104312,VIC
2023-08-14,74.9,75.4,71.5,73.3,12716864,VIC
2023-08-15,73.0,73.3,70.7,70.7,14772842,VIC
2023-08-16,75.6,75.6,75.4,75.6,19421060,VIC
2023-08-17,75.6,76.6,71.9,71.9,22255051,VIC
2023-08-18,69.1,70.0,66.9,66.9,26634404,VIC
2023-08-21,66.0,66.1,63.3,65.8,22413378,VIC
2023-08-22,67.0,67.1,62.8,64.5,13127398,VIC
2023-08-23,69.0,69.0,65.0,65.0,20349686,VIC
2023-08-24,65.7,65.8,62.6,64.2,16622901,VIC
2023-08-25,65.2,66.7,63.3,63.5,17908873,VIC
2023-08-28,65.0,66.7,64.5,64.7,16721500,VIC
2023-08-29,65.7,65.9,63.2,63.4,20657140,VIC
2023-08-30,63.0,63.0,60.6,62.0,24564665,VIC
2023-08-31,62.5,64.1,62.0,62.1,14991365,VIC
2023-09-05,62.5,63.9,61.7,62.3,13068213,VIC
2023-09-06,62.4,62.5,60.8,61.6,19418722,VIC
2023-09-07,62.0,62.5,60.8,60.8,16136689,VIC
2023-09-08,60.5,60.6,59.1,59.1,28234328,VIC
2023-09-11,60.1,61.4,59.1,59.1,16375076,VIC
2023-09-12,59.8,60.5,59.1,60.3,15075195,VIC
2023-09-13,60.8,61.4,59.1,59.2,16330581,VIC
2023-09-14,59.1,59.3,55.5,55.5,26884676,VIC
2023-09-15,56.0,56.3,53.2,53.6,18970872,VIC
2023-09-18,53.6,53.6,52.4,53.0,11472018,VIC
2023-09-19,53.5,53.9,51.5,51.7,12803860,VIC
2023-09-20,52.0,53.5,51.7,53.5,11808929,VIC
2023-09-21,53.8,53.8,52.2,52.2,8515472,VIC
2023-09-22,51.5,51.6,49.8,50.0,17468108,VIC
2023-09-25,50.1,50.4,46.5,46.5,16856481,VIC
2023-09-26,46.0,46.75,44.55,45.0,15129033,VIC
2023-09-27,44.6,45.25,44.05,45.2,8902297,VIC
2023-09-28,45.2,45.3,44.1,45.0,6894827,VIC
2023-09-29,45.2,48.15,45.15,46.85,13579034,VIC
2023-10-02,47.0,47.55,46.5,46.9,5091726,VIC
2023-10-03,45.9,46.0,43.85,44.5,12910252,VIC
2023-10-04,44.5,46.3,44.05,46.1,6723806,VIC
2023-10-05,46.2,46.4,44.8,45.6,5364953,VIC
2023-10-06,45.9,46.25,45.0,45.95,6196767,VIC
2023-10-09,46.0,46.05,45.2,45.2,4894479,VIC
2023-10-10,45.6,46.15,44.9,44.9,5867539,VIC
2023-10-11,45.05,45.45,45.0,45.45,3632517,VIC
2023-10-12,46.0,47.3,45.8,46.5,7717107,VIC
2023-10-13,46.05,46.45,45.55,46.1,5061629,VIC
2023-10-16,46.05,46.05,45.0,45.0,4845213,VIC
2023-10-17,45.0,45.15,44.0,44.0,4849933,VIC
2023-10-18,44.05,44.55,41.5,43.8,8879923,VIC
2023-10-19,43.8,43.9,42.4,43.2,5388681,VIC
2023-10-20,43.0,43.35,41.85,43.35,5957984,VIC
2023-10-23,43.35,43.4,42.6,43.4,4903735,VIC
2023-10-24,43.2,43.5,42.9,43.45,2825454,VIC
2023-10-25,44.2,45.3,43.85,44.7,6230181,VIC
2023-10-26,42.9,42.95,41.6,41.6,15118463,VIC
2023-10-27,41.65,41.8,38.7,41.6,14012908,VIC
2023-10-30,41.3,41.55,39.75,41.5,6066004,VIC
2023-10-31,41.05,41.55,40.45,40.5,5942625,VIC
2023-11-01,39.7,40.5,39.45,40.4,4624083,VIC
2023-11-02,40.5,41.5,39.65,41.45,6052872,VIC
2023-11-03,41.7,42.1,41.25,41.6,4099829,VIC
2023-11-06,41.95,42.3,41.65,42.1,4298392,VIC
2023-11-07,41.8,42.15,41.25,42.05,4225925,VIC
2023-11-08,41.9,43.05,41.6,43.0,4754624,VIC
2023-11-09,44.0,45.7,44.0,45.4,7317098,VIC
2023-11-10,45.0,45.2,44.4,44.95,5107737,VIC
2023-11-13,45.05,45.05,44.45,44.8,3957149,VIC
2023-11-14,44.95,45.5,44.5,44.95,3848817,VIC
2023-11-15,45.4,45.6,44.9,45.4,6210937,VIC
2023-11-16,45.4,45.4,44.85,45.1,2344000,VIC
2023-11-17,45.2,45.2,42.15,42.2,11582521,VIC
2023-11-20,40.9,42.8,40.9,42.7,4308309,VIC
2023-11-21,43.05,43.15,42.05,42.6,2855950,VIC
2023-11-22,42.95,43.0,41.85,42.0,3802678,VIC
2023-11-23,42.0,42.6,41.3,41.3,3305235,VIC
2023-11-24,41.35,41.5,40.6,41.35,3531149,VIC
2023-11-27,41.3,42.2,41.3,41.85,2797486,VIC
2023-11-28,41.85,42.5,41.6,42.4,2475131,VIC
2023-11-29,42.4,42.65,42.3,42.55,2054168,VIC
2023-11-30,42.5,42.85,41.75,41.75,3468773,VIC
2023-12-01,42.05,42.2,41.85,42.1,2304371,VIC
2023-12-04,42.1,43.0,42.1,42.95,3574455,VIC
2023-12-05,42.95,43.15,42.6,42.8,3629966,VIC
2023-12-06,42.5,43.0,42.5,42.8,2343866,VIC
2023-12-07,42.8,43.2,41.9,42.8,4456617,VIC
2023-12-08,42.6,43.05,42.55,42.95,2655052,VIC
2023-12-11,43.25,44.35,43.25,44.05,5298706,VIC
2023-12-12,44.05,44.4,44.0,44.25,2777999,VIC
2023-12-13,44.1,44.35,43.2,43.9,3978030,VIC
2023-12-14,43.95,44.05,43.45,43.8,3045113,VIC
2023-12-15,43.7,43.95,43.05,43.7,6068694,VIC
2023-12-18,43.7,43.95,43.05,43.2,2347367,VIC
2023-12-19,43.3,43.3,42.3,43.2,2816581,VIC
2023-12-20,42.95,43.45,42.85,43.25,1761694,VIC
2023-12-21,43.0,43.3,42.8,43.2,1892061,VIC
2023-12-22,43.2,43.35,42.75,43.15,2002652,VIC
2023-12-25,43.1,43.55,43.0,43.4,1979879,VIC
2023-12-26,43.4,43.75,43.35,43.55,1766330,VIC
2023-12-27,43.65,43.95,43.6,43.6,1851342,VIC
2023-12-28,43.6,44.6,43.6,44.45,4075667,VIC
2023-12-29,44.65,44.85,44.45,44.6,2172536,VIC
2024-01-02,44.95,44.95,44.0,44.0,2284931,VIC
2024-01-03,43.5,44.15,43.5,44.15,2277071,VIC
2024-01-04,44.15,44.4,43.8,44.15,2340552,VIC
2024-01-05,44.15,44.2,43.9,44.1,1483990,VIC
2024-01-08,44.45,44.75,44.1,44.35,2537739,VIC
2024-01-09,44.3,44.4,43.9,43.9,1606614,VIC
2024-01-10,43.9,44.05,43.2,43.6,2678758,VIC
2024-01-11,43.6,44.0,43.4,43.65,1667559,VIC
2024-01-12,43.5,43.5,42.7,43.0,2971794,VIC
2024-01-15,43.5,43.5,43.05,43.05,1457599,VIC
2024-01-16,43.0,43.25,42.85,43.15,1437992,VIC
2024-01-17,43.15,43.45,42.95,43.2,1880531,VIC
2024-01-18,43.0,43.5,43.0,43.35,1726203,VIC
2024-01-19,43.35,43.45,43.15,43.3,2906906,VIC
2024-01-22,43.5,43.5,43.15,43.3,1694115,VIC
2024-01-23,43.4,43.4,42.9,43.1,2213543,VIC
2024-01-24,43.2,43.25,42.9,43.15,1695959,VIC
2024-01-25,43.1,43.1,42.8,42.8,1156705,VIC
2024-01-26,42.7,43.0,42.65,42.8,1809396,VIC
2024-01-29,42.8,42.85,42.4,42.65,1818669,VIC
2024-01-30,42.65,42.8,42.5,42.7,1334887,VIC
2024-01-31,42.7,42.8,42.1,42.5,2741896,VIC
2024-02-01,42.45,42.5,42.05,42.35,2198185,VIC
2024-02-02,42.35,42.5,42.05,42.1,1983722,VIC
2024-02-05,42.2,42.2,41.8,42.2,2695220,VIC
2024-02-06,42.25,42.35,41.9,42.3,1596415,VIC
2024-02-07,42.3,42.4,42.0,42.4,1597298,VIC
2024-02-15,42.5,42.8,42.2,42.55,1937352,VIC
2024-02-16,42.55,44.15,42.5,43.95,4997596,VIC
2024-02-19,44.3,47.0,44.3,47.0,16653816,VIC
2024-02-20,48.0,49.35,47.9,48.5,8987903,VIC
2024-02-21,48.55,48.55,47.1,47.25,6658534,VIC
2024-02-22,47.25,47.7,47.0,47.6,4027415,VIC
2024-02-23,47.95,47.95,45.2,45.2,9887996,VIC
2024-02-26,45.35,45.75,44.3,44.6,5096811,VIC
2024-02-27,44.8,45.65,44.35,45.15,4374017,VIC
2024-02-28,45.9,46.4,45.25,45.6,3374436,VIC
2024-02-29,46.0,46.15,45.0,45.0,4021847,VIC
2024-03-01,45.0,45.6,44.85,45.25,2986239,VIC
2024-03-04,45.3,45.75,45.15,45.25,3742869,VIC
2024-03-05,45.2,45.5,45.0,45.3,3156457,VIC
2024-03-06,45.3,46.85,45.2,45.3,4657669,VIC
2024-03-07,45.6,45.85,45.35,45.6,2469235,VIC
2024-03-08,46.0,46.0,44.8,44.8,3902115,VIC
2024-03-11,44.9,45.25,44.35,44.35,3457455,VIC
2024-03-12,44.35,44.6,44.05,44.15,2840004,VIC
2024-03-13,44.25,45.0,44.1,45.0,2241005,VIC
2024-03-14,45.2,46.85,45.0,45.95,6026937,VIC
2024-03-15,45.9,46.0,44.4,44.4,4816578,VIC
2024-03-18,44.85,46.2,43.9,46.1,7739070,VIC
2024-03-19,46.2,47.3,45.6,47.0,7834465,VIC
2024-03-20,46.8,47.0,45.8,46.5,4699233,VIC
2024-03-21,46.5,46.85,45.9,46.5,3529613,VIC
2024-03-22,46.5,46.7,46.05,46.6,5202615,VIC
2024-03-25,46.6,47.4,46.15,46.85,4742980,VIC
2024-03-26,47.0,47.2,46.6,47.05,3482260,VIC
2024-03-27,47.05,47.3,46.7,47.05,4206598,VIC
2024-03-28,47.05,47.95,46.9,47.6,4643059,VIC
2024-03-29,47.85,47.9,47.3,47.65,3527781,VIC
2024-04-01,47.65,48.1,47.35,47.85,4455197,VIC
2024-04-02,47.0,47.9,46.5,47.8,4821769,VIC
2024-04-03,47.5,47.85,47.2,47.75,4263220,VIC
2024-04-04,47.25,47.95,47.25,47.85,4125125,VIC
2024-04-05,47.45,47.95,47.3,47.8,3385682,VIC
2024-04-08,48.0,48.0,47.35,47.7,2951317,VIC
2024-04-09,47.6,47.7,47.0,47.7,3504936,VIC
2024-04-10,47.7,48.65,47.65,48.5,5167251,VIC
2024-04-11,48.25,48.55,47.75,48.3,3401529,VIC
2024-04-12,48.35,48.7,48.15,48.45,3011703,VIC
2024-04-15,48.0,48.2,46.0,47.0,5603162,VIC
2024-04-16,47.0,47.0,44.65,46.4,4798093,VIC
2024-04-17,46.5,46.5,44.5,45.0,3014738,VIC
2024-04-19,43.6,44.0,42.6,42.6,3678561,VIC
2024-04-22,42.65,43.0,41.7,42.0,3224414,VIC
2024-04-23,42.45,42.45,41.0,41.0,2701228,VIC
2024-04-24,41.1,41.95,41.1,41.6,1585787,VIC
2024-04-25,41.7,42.35,41.3,42.0,1519881,VIC
2024-04-26,41.95,44.45,41.9,44.45,2701183,VIC
2024-05-02,44.0,44.4,43.6,44.4,1598981,VIC
2024-05-03,44.6,44.9,44.0,44.45,1317425,VIC
2024-05-06,44.45,44.75,43.85,44.75,1527085,VIC
2024-05-07,45.35,45.35,44.5,45.0,1055748,VIC
2024-05-08,45.1,45.4,44.3,45.4,1715664,VIC
2024-05-09,45.4,46.0,45.05,45.4,1417786,VIC
2024-05-10,45.4,45.7,44.5,45.0,1170076,VIC
2024-05-13,45.3,45.35,44.35,45.0,1714839,VIC
2024-05-14,48.1,48.1,46.05,46.05,5270017,VIC
2024-05-15,46.2,46.75,46.0,46.35,1360467,VIC
2024-05-16,46.6,47.15,46.2,46.75,2786528,VIC
2024-05-17,46.75,46.9,46.25,46.85,2170875,VIC
2024-05-20,47.0,47.55,46.35,46.7,3230491,VIC
2024-05-21,47.0,47.7,46.45,46.45,3339305,VIC
2024-05-22,46.35,46.9,45.5,45.5,3154087,VIC
2024-05-23,45.25,45.9,44.75,45.55,2653781,VIC
2024-05-24,45.15,45.6,44.15,44.95,3719560,VIC
2024-05-27,44.95,45.25,44.45,45.05,1715599,VIC
2024-05-28,45.0,45.3,44.45,45.05,2256983,VIC
2024-05-29,45.05,45.2,44.25,44.4,2585924,VIC
2024-05-30,44.4,44.5,43.15,43.15,2390475,VIC
2024-05-31,43.5,44.6,43.3,43.55,1667310,VIC
2024-06-03,43.8,44.6,43.8,43.95,1539213,VIC
2024-06-04,44.3,44.55,44.0,44.1,1466478,VIC
2024-06-05,44.1,44.75,44.1,44.2,1614098,VIC
2024-06-06,44.3,44.35,43.7,43.7,1827520,VIC
2024-06-07,43.9,44.0,43.2,43.5,1685408,VIC
2024-06-10,43.5,43.9,43.4,43.45,1584674,VIC
2024-06-11,43.3,43.45,42.55,43.2,4839697,VIC
2024-06-12,42.8,43.5,42.5,43.3,2295361,VIC
2024-06-13,43.3,43.5,42.9,43.2,2146182,VIC
2024-06-14,43.2,43.25,42.0,42.0,2722732,VIC
2024-06-17,42.6,42.95,42.0,42.0,2064171,VIC
2024-06-18,42.3,42.95,42.1,42.1,1834877,VIC
2024-06-19,42.35,42.45,41.45,41.5,3277993,VIC
2024-06-20,41.55,41.8,41.35,41.45,2359994,VIC
2024-06-21,41.45,41.65,41.15,41.65,2687452,VIC
2024-06-24,41.65,42.3,41.1,41.1,2810231,VIC
2024-06-25,41.15,42.0,41.15,41.2,1599910,VIC
2024-06-26,41.3,41.7,41.15,41.2,1921541,VIC
2024-06-27,41.1,41.4,41.0,41.0,1313587,VIC
2024-06-28,41.1,41.35,40.9,41.2,1788564,VIC
2024-07-01,41.4,41.4,41.05,41.35,905835,VIC
2024-07-02,41.4,41.75,41.3,41.6,1495437,VIC
2024-07-03,41.6,41.65,41.25,41.35,1139867,VIC
2024-07-04,41.5,41.7,41.3,41.4,1215987,VIC
2024-07-05,41.4,41.45,41.1,41.4,1446715,VIC
2024-07-08,41.4,41.4,40.35,40.4,3511161,VIC
2024-07-09,40.5,40.95,40.15,40.8,2290196,VIC
2024-07-10,40.95,40.95,40.6,40.6,1238833,VIC
2024-07-11,40.9,41.75,40.7,41.1,2749970,VIC
2024-07-12,41.7,42.8,41.65,41.75,3317424,VIC
2024-07-15,41.75,42.25,41.3,41.35,970281,VIC
2024-07-16,41.35,41.7,40.7,41.05,1867633,VIC
2024-07-17,41.0,41.0,40.15,40.6,2657081,VIC
2024-07-18,40.6,40.6,40.15,40.55,2144188,VIC
2024-07-19,40.7,41.1,40.3,40.75,1752254,VIC
2024-07-22,40.75,41.0,40.2,40.75,1778871,VIC
2024-07-23,40.75,40.85,40.4,40.85,1448852,VIC
2024-07-24,40.8,41.0,40.45,40.9,1659144,VIC
2024-07-25,41.3,42.6,40.85,41.6,4341151,VIC
2024-07-26,41.9,42.15,41.25,41.6,1378853,VIC
2024-07-29,41.6,41.6,40.75,41.6,2667677,VIC
2024-07-30,41.95,42.2,41.0,42.2,2428372,VIC
2024-07-31,42.3,42.3,41.55,42.3,2600868,VIC
2024-07-31,42.3,42.3,41.55,42.3,2600868,VIC
2024-08-01,42.1,42.3,41.5,42.1,3282396,VIC
2024-08-02,42.15,42.2,40.8,42.0,2216999,VIC
2024-08-05,41.0,41.65,40.4,41.3,3946744,VIC
2024-08-06,41.5,41.55,40.55,41.3,1724522,VIC
2024-08-07,41.75,43.5,41.75,42.35,5320796,VIC
2024-08-08,42.05,42.2,41.65,41.8,1544923,VIC
2024-08-09,41.8,42.0,41.2,41.2,2268925,VIC
2024-08-12,41.1,41.2,40.6,40.6,1809232,VIC
2024-08-13,40.65,41.2,40.65,40.7,1401421,VIC
2024-08-14,40.75,41.2,40.75,40.8,1378949,VIC
2024-08-15,41.0,41.15,40.8,40.8,1215645,VIC
2024-08-16,40.9,41.6,40.9,41.15,2309086,VIC
2024-08-19,41.3,41.55,41.05,41.15,1647068,VIC
2024-08-20,41.15,42.2,41.0,41.7,3039720,VIC
2024-08-21,41.6,42.0,41.5,41.85,1666812,VIC
2024-08-22,41.85,42.35,41.55,41.55,2382375,VIC
2024-08-23,41.6,42.0,41.5,41.55,1750499,VIC
2024-08-26,41.65,42.35,41.65,42.15,2501840,VIC
2024-08-27,42.1,45.1,42.1,45.1,12764874,VIC
2024-08-28,45.5,46.1,44.4,44.4,4940674,VIC
2024-08-29,44.25,44.8,44.05,44.2,3213217,VIC
2024-08-30,44.55,45.2,44.2,44.2,3402689,VIC
2024-09-04,43.6,44.3,43.3,44.0,3201891,VIC
2024-09-05,44.55,45.95,44.4,45.05,4525019,VIC
2024-09-06,45.35,45.35,44.6,44.65,2504643,VIC
2024-09-09,44.2,44.5,43.45,43.7,4813565,VIC
2024-09-10,43.7,43.9,42.6,43.0,4605546,VIC
2024-09-11,42.65,43.0,42.1,43.0,3100811,VIC
2024-09-12,43.05,43.25,42.55,42.9,2168455,VIC
2024-09-13,42.9,42.95,42.5,42.9,1528342,VIC
2024-09-16,42.7,43.6,42.05,42.05,2007657,VIC
2024-09-17,42.05,43.2,42.05,42.9,2239274,VIC
2024-09-18,42.9,43.3,42.65,42.65,2749621,VIC
2024-09-19,42.8,43.2,42.7,42.9,2241321,VIC
2024-09-20,43.0,43.65,42.3,42.3,3928381,VIC
2024-09-23,42.9,42.9,42.35,42.35,1715004,VIC
2024-09-24,42.4,42.65,42.35,42.55,1440365,VIC
2024-09-25,42.75,42.9,42.4,42.6,3722530,VIC
2024-09-26,42.6,43.1,42.6,42.6,2770560,VIC
2024-09-27,42.9,42.9,42.45,42.5,2742859,VIC
2024-09-30,42.4,42.6,42.0,42.0,2927542,VIC
2024-10-01,42.05,42.75,42.05,42.3,1917447,VIC
2024-10-02,42.35,42.4,42.05,42.05,1528683,VIC
2024-10-03,42.1,42.45,41.35,41.35,3467194,VIC
2024-10-04,41.35,41.35,40.9,41.0,2146881,VIC
2024-10-07,41.1,41.55,40.85,40.85,1655562,VIC
2024-10-08,41.05,41.05,40.6,40.9,2652281,VIC
2024-10-09,41.05,41.6,41.0,41.6,1212013,VIC
2024-10-10,41.6,41.65,41.3,41.4,1473434,VIC
2024-10-11,41.4,41.95,41.35,41.8,1711832,VIC
2024-10-14,42.5,43.4,42.15,42.15,4269106,VIC
2024-10-15,42.25,42.5,41.55,41.65,1849949,VIC
2024-10-16,41.5,41.8,41.45,41.5,1212195,VIC
2024-10-17,41.75,41.8,41.45,41.55,1031970,VIC
2024-10-18,41.7,42.2,41.7,41.8,1176381,VIC
2024-10-21,41.85,42.9,41.85,42.25,2222103,VIC
2024-10-22,42.6,42.6,42.2,42.2,2048252,VIC
2024-10-23,42.7,44.3,42.7,43.2,5019864,VIC
2024-10-24,43.0,43.1,42.05,42.05,2058500,VIC
2024-10-25,42.2,42.3,41.55,41.55,2050397,VIC
2024-10-28,41.6,41.75,41.45,41.45,1475845,VIC
2024-10-29,41.5,41.7,41.3,41.35,1286477,VIC
2024-10-30,41.45,41.7,40.8,41.0,2028990,VIC
2024-10-31,41.4,41.7,41.05,41.55,1829419,VIC
2024-11-01,41.55,41.6,41.1,41.2,1341319,VIC
2024-11-04,41.4,41.5,41.05,41.2,1346740,VIC
2024-11-05,41.2,41.3,41.05,41.3,964121,VIC
2024-11-06,41.5,42.0,41.4,41.8,1523242,VIC
2024-11-07,42.0,42.25,41.7,41.7,1174467,VIC
2024-11-08,41.8,41.8,41.0,41.05,2194671,VIC
2024-11-11,41.05,41.15,40.65,40.8,1947111,VIC
2024-11-12,41.0,41.5,40.5,40.55,2489601,VIC
2024-11-13,40.85,41.15,40.5,40.6,2044038,VIC
2024-11-14,40.65,41.3,40.6,40.7,1970600,VIC
2024-11-15,40.65,41.05,40.55,40.55,2312053,VIC
2024-11-18,40.55,40.85,40.35,40.4,1894584,VIC
2024-11-19,40.4,40.7,40.35,40.35,1860806,VIC
2024-11-20,40.2,40.65,40.15,40.35,1842525,VIC
2024-11-21,40.35,40.6,40.3,40.35,1993329,VIC
2024-11-22,40.35,40.85,40.3,40.45,1339086,VIC
2024-11-25,40.45,41.0,40.45,41.0,1917291,VIC
2024-11-26,41.0,41.3,41.0,41.05,1233109,VIC
2024-11-27,41.05,41.05,40.75,40.75,993580,VIC
2024-11-28,41.1,41.2,40.7,40.7,1118651,VIC
2024-11-29,40.65,40.75,40.5,40.5,1967848,VIC
2024-12-02,40.55,40.95,40.3,40.35,2067802,VIC
2024-12-03,40.4,40.6,40.25,40.4,1875102,VIC
2024-12-04,40.4,40.4,39.8,40.0,2495623,VIC
2024-12-05,40.8,41.0,40.3,40.85,3372467,VIC
2024-12-06,40.85,42.3,40.75,41.85,5333439,VIC
2024-12-09,42.1,42.85,41.85,41.85,3348648,VIC
2024-12-10,41.85,41.9,41.2,41.2,2356318,VIC
2024-12-11,41.2,41.4,40.9,41.3,2171374,VIC
2024-12-12,41.3,41.35,40.9,40.9,2149810,VIC
2024-12-13,40.75,40.9,40.6,40.8,1953741,VIC
2024-12-16,40.8,40.9,40.6,40.7,1161340,VIC
2024-12-17,40.7,40.8,40.55,40.55,1332060,VIC
2024-12-18,40.55,40.85,40.55,40.6,852659,VIC
2024-12-19,40.3,40.4,40.1,40.3,2489852,VIC
2024-12-20,40.3,40.5,40.25,40.5,1571034,VIC
2024-12-23,40.5,40.85,40.5,40.6,1001922,VIC
2024-12-24,40.5,40.6,40.35,40.6,1335894,VIC
2024-12-25,40.6,41.05,40.55,40.65,1909813,VIC
2024-12-26,40.7,41.0,40.65,40.65,879287,VIC
2024-12-27,40.7,40.9,40.55,40.55,1499184,VIC
2024-12-30,40.35,40.6,40.3,40.55,1416801,VIC
2024-12-31,40.55,40.6,40.3,40.55,1786031,VIC
2025-01-02,40.5,40.55,40.3,40.55,1342352,VIC
2025-01-03,40.55,40.55,40.15,40.5,1731685,VIC
2025-01-06,40.4,40.5,40.3,40.5,1627059,VIC
2025-01-07,40.3,40.55,40.2,40.5,1967014,VIC
2025-01-08,40.4,40.55,40.3,40.5,927236,VIC
2025-01-09,40.55,41.0,40.5,40.75,1189358,VIC
2025-01-10,40.75,40.9,40.4,40.5,1106026,VIC
2025-01-13,39.7,40.35,39.7,40.3,1682762,VIC
2025-01-14,40.2,40.2,39.8,40.2,2327929,VIC
2025-01-15,40.3,40.35,40.0,40.25,875300,VIC
2025-01-16,40.3,40.65,40.1,40.45,2001576,VIC
2025-01-17,40.5,40.55,40.25,40.45,1174622,VIC
2025-01-20,40.3,40.45,40.25,40.4,647933,VIC
2025-01-21,40.55,40.55,40.3,40.45,1314921,VIC
2025-01-22,40.5,40.5,40.1,40.4,1136198,VIC
2025-01-23,40.4,40.65,40.25,40.4,1421586,VIC
2025-01-24,40.25,40.5,40.2,40.4,1389220,VIC
2025-02-03,40.2,40.3,39.9,40.05,1576949,VIC
2025-02-04,40.05,40.2,39.85,40.1,1441966,VIC
2025-02-05,40.2,40.45,40.05,40.05,1060865,VIC
2025-02-06,40.35,40.55,40.05,40.45,1315728,VIC
2025-02-07,40.5,40.7,40.25,40.65,1396794,VIC
2025-02-10,40.35,40.35,40.0,40.0,1535989,VIC
2025-02-11,40.0,40.1,39.85,39.95,1437497,VIC
2025-02-12,39.95,40.1,39.9,39.9,941811,VIC
2025-02-13,39.9,40.3,39.85,40.25,1054069,VIC
2025-02-14,40.5,40.5,40.2,40.25,997968,VIC
2025-02-17,40.25,40.4,40.05,40.1,854266,VIC
2025-02-18,40.1,40.45,39.9,40.2,1201387,VIC
2025-02-19,40.2,40.5,40.05,40.4,1576073,VIC
2025-02-20,40.45,41.25,40.4,40.95,2940145,VIC
2025-02-21,40.95,40.95,40.65,40.65,1334242,VIC
2025-02-24,40.35,40.65,40.35,40.6,1541441,VIC
2025-02-25,40.7,41.15,40.65,40.7,1794644,VIC
2025-02-26,41.0,41.1,40.8,41.0,1367140,VIC
2025-02-27,41.2,41.2,40.75,41.05,1442755,VIC
2025-02-28,41.05,41.6,40.7,41.2,2774026,VIC
2025-03-03,41.3,42.4,41.2,42.05,2861892,VIC
2025-03-04,42.45,42.5,41.8,41.95,3059982,VIC
2025-03-05,42.05,42.5,42.0,42.25,2910342,VIC
2025-03-06,42.3,42.55,42.05,42.35,2631008,VIC
2025-03-07,42.3,45.3,42.25,45.3,11513931,VIC
2025-03-10,45.9,47.9,45.8,47.3,9921135,VIC
2025-03-11,46.9,47.3,46.5,47.3,5701394,VIC
2025-03-12,47.35,48.25,47.35,48.1,7010894,VIC
2025-03-13,48.3,51.4,47.5,51.4,16433320,VIC
2025-03-14,51.8,52.8,51.4,52.2,8435598,VIC
2025-03-17,52.5,52.7,50.8,52.1,6510552,VIC
2025-03-18,52.1,52.7,51.1,51.3,6023007,VIC
2025-03-19,50.8,52.5,49.2,51.9,10353591,VIC
2025-03-20,52.0,53.2,50.7,51.5,6636052,VIC
2025-03-21,51.6,53.0,51.0,53.0,7491853,VIC
2025-03-24,53.0,56.7,52.7,56.7,11915870,VIC
2025-03-25,57.7,59.2,56.6,56.9,7951232,VIC
2025-03-26,57.8,58.0,55.7,57.0,6498265,VIC
2025-03-27,57.5,58.7,56.6,57.1,4575391,VIC
2025-03-28,57.0,58.3,56.9,58.0,5548784,VIC
2025-03-31,57.8,58.5,57.3,58.0,6660894,VIC
2025-04-01,58.7,60.8,58.2,59.7,7768038,VIC
2025-04-02,60.5,61.2,59.5,60.4,7322516,VIC
2025-04-03,58.2,59.8,56.2,56.2,19225993,VIC
2025-04-04,54.2,59.5,53.4,58.3,14566073,VIC
2025-04-08,58.0,58.0,54.3,55.1,11583072,VIC
2025-04-09,52.1,58.4,52.1,57.0,13010388,VIC
2025-04-10,60.9,60.9,60.9,60.9,3810300,VIC
2025-04-11,59.7,65.1,59.7,65.1,13375592,VIC
2025-04-14,66.5,69.6,66.0,69.6,8836729,VIC
2025-04-15,70.4,74.4,70.0,70.5,12287927,VIC
2025-04-16,70.6,72.0,67.4,67.9,7559258,VIC
2025-04-17,67.7,71.0,67.2,71.0,8073676,VIC
2025-04-18,71.8,71.8,66.1,66.1,10586580,VIC
2025-04-21,64.1,67.4,61.5,61.5,15483435,VIC
2025-04-22,62.0,62.7,58.0,59.0,12830725,VIC
2025-04-23,60.0,60.3,58.3,58.6,18989386,VIC
2025-04-24,58.9,62.7,58.6,62.7,8736920,VIC
2025-04-25,64.4,67.0,64.0,67.0,14791541,VIC
2025-04-28,67.8,69.0,66.7,68.0,7032504,VIC
2025-04-29,67.0,68.0,63.8,68.0,13393736,VIC
2025-05-05,68.9,72.4,68.0,70.0,4415965,VIC
2025-05-06,70.6,71.8,69.4,70.5,5717679,VIC
2025-05-07,70.6,74.0,70.4,73.4,7627891,VIC
2025-05-08,75.2,78.5,74.2,78.5,7195570,VIC
2025-05-09,80.0,80.9,75.5,76.5,7051555,VIC
2025-05-12,78.4,80.2,77.0,79.4,5890846,VIC
2025-05-13,80.5,80.5,76.7,79.6,9660763,VIC
2025-05-14,79.1,82.5,78.4,79.8,6651591,VIC
2025-05-15,79.0,79.9,77.2,79.8,8937212,VIC
2025-05-16,78.7,80.9,78.7,80.0,4665822,VIC
2025-05-19,80.1,85.6,80.0,85.6,9173088,VIC
2025-05-20,88.5,91.5,88.5,91.5,3902546,VIC
2025-05-21,97.9,97.9,89.9,93.5,7294774,VIC
2025-05-22,93.0,98.5,91.8,92.5,6576638,VIC
2025-05-23,92.0,96.3,91.8,93.0,4213584,VIC
2025-05-26,93.2,95.3,87.0,94.5,4826835,VIC
2025-05-27,94.7,95.0,91.5,94.5,6817270,VIC
2025-05-28,93.0,98.3,93.0,97.0,6163460,VIC
2025-05-29,97.2,99.0,96.1,97.0,4740932,VIC
2025-05-30,97.1,99.0,96.3,98.4,3280608,VIC
2025-06-02,98.7,99.8,94.2,98.0,6447797,VIC
2025-06-03,97.5,99.5,95.0,98.1,4420588,VIC
2025-06-04,98.0,98.5,96.4,98.1,3339230,VIC
2025-06-05,97.9,98.1,96.3,98.0,3354639,VIC
2025-06-06,96.6,98.5,96.4,97.0,2934976,VIC
2025-06-09,96.9,96.9,90.3,90.3,3785703,VIC
2025-06-10,86.0,92.9,86.0,90.6,6850985,VIC
2025-06-11,92.6,92.6,90.0,90.2,1444558,VIC
2025-06-12,91.4,91.6,84.7,86.8,4172674,VIC
2025-06-13,85.7,86.0,81.6,85.5,5009377,VIC
2025-06-16,84.0,85.6,82.6,85.4,2521970,VIC
2025-06-17,85.4,90.8,84.3,87.7,3392177,VIC
2025-06-18,87.7,89.0,86.9,88.0,1434711,VIC
2025-06-19,88.0,90.6,87.6,89.4,3253107,VIC
2025-06-20,89.4,89.4,86.7,86.8,13620498,VIC
2025-06-23,86.1,92.8,85.1,92.8,3886320,VIC
2025-06-24,94.9,98.0,93.7,95.8,3987001,VIC
2025-06-25,96.0,96.6,94.5,95.8,2663873,VIC
2025-06-26,95.0,97.0,95.0,95.0,1615391,VIC
2025-06-27,95.0,96.1,92.4,95.5,3037579,VIC
2025-06-30,95.5,96.3,95.1,95.6,1269261,VIC
2025-07-01,95.7,96.5,93.5,95.6,2339706,VIC
2025-07-02,94.3,95.5,94.3,95.4,1094369,VIC
2025-07-03,94.6,95.2,93.9,94.5,1894721,VIC
2025-07-04,94.4,94.4,91.5,91.9,3988471,VIC
2025-07-07,91.9,94.2,91.0,93.0,2013788,VIC
2025-07-08,93.0,95.0,92.9,93.3,1424660,VIC
2025-07-09,93.0,95.0,93.0,95.0,3292250,VIC
2025-07-10,96.0,101.6,96.0,101.6,7097588,VIC
2025-07-11,104.5,108.1,103.9,108.0,4808108,VIC
2025-07-14,115.0,115.5,111.0,113.0,5556863,VIC
2025-07-15,114.0,114.0,111.0,111.6,3264514,VIC
2025-07-16,111.0,118.2,110.1,117.4,3315299,VIC
2025-07-17,118.1,123.3,118.1,122.0,6617235,VIC
2025-07-18,124.7,124.7,117.5,119.0,6084453,VIC
2025-07-21,120.5,122.5,110.7,112.0,4320588,VIC
2025-07-22,112.2,117.5,112.2,117.5,3949125,VIC
2025-07-23,119.5,119.5,115.0,115.0,2814154,VIC
2025-07-24,115.2,117.0,109.7,116.0,6047931,VIC
2025-07-25,113.2,118.0,113.1,114.1,3392273,VIC
2025-07-28,115.0,118.0,114.1,115.6,3276611,VIC
2025-07-29,115.0,117.2,113.0,113.2,4570942,VIC
2025-07-30,113.2,114.0,108.1,109.5,4362773,VIC
2025-07-31,108.7,109.5,105.0,105.5,5680304,VIC
2024-08-01,42.1,42.3,41.5,42.1,3282396,VIC
2024-08-02,42.15,42.2,40.8,42.0,2216999,VIC
2024-08-05,41.0,41.65,40.4,41.3,3946744,VIC
2024-08-06,41.5,41.55,40.55,41.3,1724522,VIC
2024-08-07,41.75,43.5,41.75,42.35,5320796,VIC
2024-08-08,42.05,42.2,41.65,41.8,1544923,VIC
2024-08-09,41.8,42.0,41.2,41.2,2268925,VIC
2024-08-12,41.1,41.2,40.6,40.6,1809232,VIC
2024-08-13,40.65,41.2,40.65,40.7,1401421,VIC
2024-08-14,40.75,41.2,40.75,40.8,1378949,VIC
2024-08-15,41.0,41.15,40.8,40.8,1215645,VIC
2024-08-16,40.9,41.6,40.9,41.15,2309086,VIC
2024-08-19,41.3,41.55,41.05,41.15,1647068,VIC
2024-08-20,41.15,42.2,41.0,41.7,3039720,VIC
2024-08-21,41.6,42.0,41.5,41.85,1666812,VIC
2024-08-22,41.85,42.35,41.55,41.55,2382375,VIC
2024-08-23,41.6,42.0,41.5,41.55,1750499,VIC
2024-08-26,41.65,42.35,41.65,42.15,2501840,VIC
2024-08-27,42.1,45.1,42.1,45.1,12764874,VIC
2024-08-28,45.5,46.1,44.4,44.4,4940674,VIC
2024-08-29,44.25,44.8,44.05,44.2,3213217,VIC
2024-08-30,44.55,45.2,44.2,44.2,3402689,VIC
2024-09-04,43.6,44.3,43.3,44.0,3201891,VIC
2024-09-05,44.55,45.95,44.4,45.05,4525019,VIC
2024-09-06,45.35,45.35,44.6,44.65,2504643,VIC
2024-09-09,44.2,44.5,43.45,43.7,4813565,VIC
2024-09-10,43.7,43.9,42.6,43.0,4605546,VIC
2024-09-11,42.65,43.0,42.1,43.0,3100811,VIC
2024-09-12,43.05,43.25,42.55,42.9,2168455,VIC
2024-09-13,42.9,42.95,42.5,42.9,1528342,VIC
2024-09-16,42.7,43.6,42.05,42.05,2007657,VIC
2024-09-17,42.05,43.2,42.05,42.9,2239274,VIC
2024-09-18,42.9,43.3,42.65,42.65,2749621,VIC
2024-09-19,42.8,43.2,42.7,42.9,2241321,VIC
2024-09-20,43.0,43.65,42.3,42.3,3928381,VIC
2024-09-23,42.9,42.9,42.35,42.35,1715004,VIC
2024-09-24,42.4,42.65,42.35,42.55,1440365,VIC
2024-09-25,42.75,42.9,42.4,42.6,3722530,VIC
2024-09-26,42.6,43.1,42.6,42.6,2770560,VIC
2024-09-27,42.9,42.9,42.45,42.5,2742859,VIC
2024-09-30,42.4,42.6,42.0,42.0,2927542,VIC
2024-10-01,42.05,42.75,42.05,42.3,1917447,VIC
2024-10-02,42.35,42.4,42.05,42.05,1528683,VIC
2024-10-03,42.1,42.45,41.35,41.35,3467194,VIC
2024-10-04,41.35,41.35,40.9,41.0,2146881,VIC
2024-10-07,41.1,41.55,40.85,40.85,1655562,VIC
2024-10-08,41.05,41.05,40.6,40.9,2652281,VIC
2024-10-09,41.05,41.6,41.0,41.6,1212013,VIC
2024-10-10,41.6,41.65,41.3,41.4,1473434,VIC
2024-10-11,41.4,41.95,41.35,41.8,1711832,VIC
2024-10-14,42.5,43.4,42.15,42.15,4269106,VIC
2024-10-15,42.25,42.5,41.55,41.65,1849949,VIC
2024-10-16,41.5,41.8,41.45,41.5,1212195,VIC
2024-10-17,41.75,41.8,41.45,41.55,1031970,VIC
2024-10-18,41.7,42.2,41.7,41.8,1176381,VIC
2024-10-21,41.85,42.9,41.85,42.25,2222103,VIC
2024-10-22,42.6,42.6,42.2,42.2,2048252,VIC
2024-10-23,42.7,44.3,42.7,43.2,5019864,VIC
2024-10-24,43.0,43.1,42.05,42.05,2058500,VIC
2024-10-25,42.2,42.3,41.55,41.55,2050397,VIC
2024-10-28,41.6,41.75,41.45,41.45,1475845,VIC
2024-10-29,41.5,41.7,41.3,41.35,1286477,VIC
2024-10-30,41.45,41.7,40.8,41.0,2028990,VIC
2024-10-31,41.4,41.7,41.05,41.55,1829419,VIC
2024-11-01,41.55,41.6,41.1,41.2,1341319,VIC
2024-11-04,41.4,41.5,41.05,41.2,1346740,VIC
2024-11-05,41.2,41.3,41.05,41.3,964121,VIC
2024-11-06,41.5,42.0,41.4,41.8,1523242,VIC
2024-11-07,42.0,42.25,41.7,41.7,1174467,VIC
2024-11-08,41.8,41.8,41.0,41.05,2194671,VIC
2024-11-11,41.05,41.15,40.65,40.8,1947111,VIC
2024-11-12,41.0,41.5,40.5,40.55,2489601,VIC
2024-11-13,40.85,41.15,40.5,40.6,2044038,VIC
2024-11-14,40.65,41.3,40.6,40.7,1970600,VIC
2024-11-15,40.65,41.05,40.55,40.55,2312053,VIC
2024-11-18,40.55,40.85,40.35,40.4,1894584,VIC
2024-11-19,40.4,40.7,40.35,40.35,1860806,VIC
2024-11-20,40.2,40.65,40.15,40.35,1842525,VIC
2024-11-21,40.35,40.6,40.3,40.35,1993329,VIC
2024-11-22,40.35,40.85,40.3,40.45,1339086,VIC
2024-11-25,40.45,41.0,40.45,41.0,1917291,VIC
2024-11-26,41.0,41.3,41.0,41.05,1233109,VIC
2024-11-27,41.05,41.05,40.75,40.75,993580,VIC
2024-11-28,41.1,41.2,40.7,40.7,1118651,VIC
2024-11-29,40.65,40.75,40.5,40.5,1967848,VIC
2024-12-02,40.55,40.95,40.3,40.35,2067802,VIC
2024-12-03,40.4,40.6,40.25,40.4,1875102,VIC
2024-12-04,40.4,40.4,39.8,40.0,2495623,VIC
2024-12-05,40.8,41.0,40.3,40.85,3372467,VIC
2024-12-06,40.85,42.3,40.75,41.85,5333439,VIC
2024-12-09,42.1,42.85,41.85,41.85,3348648,VIC
2024-12-10,41.85,41.9,41.2,41.2,2356318,VIC
2024-12-11,41.2,41.4,40.9,41.3,2171374,VIC
2024-12-12,41.3,41.35,40.9,40.9,2149810,VIC
2024-12-13,40.75,40.9,40.6,40.8,1953741,VIC
2024-12-16,40.8,40.9,40.6,40.7,1161340,VIC
2024-12-17,40.7,40.8,40.55,40.55,1332060,VIC
2024-12-18,40.55,40.85,40.55,40.6,852659,VIC
2024-12-19,40.3,40.4,40.1,40.3,2489852,VIC
2024-12-20,40.3,40.5,40.25,40.5,1571034,VIC
2024-12-23,40.5,40.85,40.5,40.6,1001922,VIC
2024-12-24,40.5,40.6,40.35,40.6,1335894,VIC
2024-12-25,40.6,41.05,40.55,40.65,1909813,VIC
2024-12-26,40.7,41.0,40.65,40.65,879287,VIC
2024-12-27,40.7,40.9,40.55,40.55,1499184,VIC
2024-12-30,40.35,40.6,40.3,40.55,1416801,VIC
2024-12-31,40.55,40.6,40.3,40.55,1786031,VIC
2025-01-02,40.5,40.55,40.3,40.55,1342352,VIC
2025-01-03,40.55,40.55,40.15,40.5,1731685,VIC
2025-01-06,40.4,40.5,40.3,40.5,1627059,VIC
2025-01-07,40.3,40.55,40.2,40.5,1967014,VIC
2025-01-08,40.4,40.55,40.3,40.5,927236,VIC
2025-01-09,40.55,41.0,40.5,40.75,1189358,VIC
2025-01-10,40.75,40.9,40.4,40.5,1106026,VIC
2025-01-13,39.7,40.35,39.7,40.3,1682762,VIC
2025-01-14,40.2,40.2,39.8,40.2,2327929,VIC
2025-01-15,40.3,40.35,40.0,40.25,875300,VIC
2025-01-16,40.3,40.65,40.1,40.45,2001576,VIC
2025-01-17,40.5,40.55,40.25,40.45,1174622,VIC
2025-01-20,40.3,40.45,40.25,40.4,647933,VIC
2025-01-21,40.55,40.55,40.3,40.45,1314921,VIC
2025-01-22,40.5,40.5,40.1,40.4,1136198,VIC
2025-01-23,40.4,40.65,40.25,40.4,1421586,VIC
2025-01-24,40.25,40.5,40.2,40.4,1389220,VIC
2025-02-03,40.2,40.3,39.9,40.05,1576949,VIC
2025-02-04,40.05,40.2,39.85,40.1,1441966,VIC
2025-02-05,40.2,40.45,40.05,40.05,1060865,VIC
2025-02-06,40.35,40.55,40.05,40.45,1315728,VIC
2025-02-07,40.5,40.7,40.25,40.65,1396794,VIC
2025-02-10,40.35,40.35,40.0,40.0,1535989,VIC
2025-02-11,40.0,40.1,39.85,39.95,1437497,VIC
2025-02-12,39.95,40.1,39.9,39.9,941811,VIC
2025-02-13,39.9,40.3,39.85,40.25,1054069,VIC
2025-02-14,40.5,40.5,40.2,40.25,997968,VIC
2025-02-17,40.25,40.4,40.05,40.1,854266,VIC
2025-02-18,40.1,40.45,39.9,40.2,1201387,VIC
2025-02-19,40.2,40.5,40.05,40.4,1576073,VIC
2025-02-20,40.45,41.25,40.4,40.95,2940145,VIC
2025-02-21,40.95,40.95,40.65,40.65,1334242,VIC
2025-02-24,40.35,40.65,40.35,40.6,1541441,VIC
2025-02-25,40.7,41.15,40.65,40.7,1794644,VIC
2025-02-26,41.0,41.1,40.8,41.0,1367140,VIC
2025-02-27,41.2,41.2,40.75,41.05,1442755,VIC
2025-02-28,41.05,41.6,40.7,41.2,2774026,VIC
2025-03-03,41.3,42.4,41.2,42.05,2861892,VIC
2025-03-04,42.45,42.5,41.8,41.95,3059982,VIC
2025-03-05,42.05,42.5,42.0,42.25,2910342,VIC
2025-03-06,42.3,42.55,42.05,42.35,2631008,VIC
2025-03-07,42.3,45.3,42.25,45.3,11513931,VIC
2025-03-10,45.9,47.9,45.8,47.3,9921135,VIC
2025-03-11,46.9,47.3,46.5,47.3,5701394,VIC
2025-03-12,47.35,48.25,47.35,48.1,7010894,VIC
2025-03-13,48.3,51.4,47.5,51.4,16433320,VIC
2025-03-14,51.8,52.8,51.4,52.2,8435598,VIC
2025-03-17,52.5,52.7,50.8,52.1,6510552,VIC
2025-03-18,52.1,52.7,51.1,51.3,6023007,VIC
2025-03-19,50.8,52.5,49.2,51.9,10353591,VIC
2025-03-20,52.0,53.2,50.7,51.5,6636052,VIC
2025-03-21,51.6,53.0,51.0,53.0,7491853,VIC
2025-03-24,53.0,56.7,52.7,56.7,11915870,VIC
2025-03-25,57.7,59.2,56.6,56.9,7951232,VIC
2025-03-26,57.8,58.0,55.7,57.0,6498265,VIC
2025-03-27,57.5,58.7,56.6,57.1,4575391,VIC
2025-03-28,57.0,58.3,56.9,58.0,5548784,VIC
2025-03-31,57.8,58.5,57.3,58.0,6660894,VIC
2025-04-01,58.7,60.8,58.2,59.7,7768038,VIC
2025-04-02,60.5,61.2,59.5,60.4,7322516,VIC
2025-04-03,58.2,59.8,56.2,56.2,19225993,VIC
2025-04-04,54.2,59.5,53.4,58.3,14566073,VIC
2025-04-08,58.0,58.0,54.3,55.1,11583072,VIC
2025-04-09,52.1,58.4,52.1,57.0,13010388,VIC
2025-04-10,60.9,60.9,60.9,60.9,3810300,VIC
2025-04-11,59.7,65.1,59.7,65.1,13375592,VIC
2025-04-14,66.5,69.6,66.0,69.6,8836729,VIC
2025-04-15,70.4,74.4,70.0,70.5,12287927,VIC
2025-04-16,70.6,72.0,67.4,67.9,7559258,VIC
2025-04-17,67.7,71.0,67.2,71.0,8073676,VIC
2025-04-18,71.8,71.8,66.1,66.1,10586580,VIC
2025-04-21,64.1,67.4,61.5,61.5,15483435,VIC
2025-04-22,62.0,62.7,58.0,59.0,12830725,VIC
2025-04-23,60.0,60.3,58.3,58.6,18989386,VIC
2025-04-24,58.9,62.7,58.6,62.7,8736920,VIC
2025-04-25,64.4,67.0,64.0,67.0,14791541,VIC
2025-04-28,67.8,69.0,66.7,68.0,7032504,VIC
2025-04-29,67.0,68.0,63.8,68.0,13393736,VIC
2025-05-05,68.9,72.4,68.0,70.0,4415965,VIC
2025-05-06,70.6,71.8,69.4,70.5,5717679,VIC
2025-05-07,70.6,74.0,70.4,73.4,7627891,VIC
2025-05-08,75.2,78.5,74.2,78.5,7195570,VIC
2025-05-09,80.0,80.9,75.5,76.5,7051555,VIC
2025-05-12,78.4,80.2,77.0,79.4,5890846,VIC
2025-05-13,80.5,80.5,76.7,79.6,9660763,VIC
2025-05-14,79.1,82.5,78.4,79.8,6651591,VIC
2025-05-15,79.0,79.9,77.2,79.8,8937212,VIC
2025-05-16,78.7,80.9,78.7,80.0,4665822,VIC
2025-05-19,80.1,85.6,80.0,85.6,9173088,VIC
2025-05-20,88.5,91.5,88.5,91.5,3902546,VIC
2025-05-21,97.9,97.9,89.9,93.5,7294774,VIC
2025-05-22,93.0,98.5,91.8,92.5,6576638,VIC
2025-05-23,92.0,96.3,91.8,93.0,4213584,VIC
2025-05-26,93.2,95.3,87.0,94.5,4826835,VIC
2025-05-27,94.7,95.0,91.5,94.5,6817270,VIC
2025-05-28,93.0,98.3,93.0,97.0,6163460,VIC
2025-05-29,97.2,99.0,96.1,97.0,4740932,VIC
2025-05-30,97.1,99.0,96.3,98.4,3280608,VIC
2025-06-02,98.7,99.8,94.2,98.0,6447797,VIC
2025-06-03,97.5,99.5,95.0,98.1,4420588,VIC
2025-06-04,98.0,98.5,96.4,98.1,3339230,VIC
2025-06-05,97.9,98.1,96.3,98.0,3354639,VIC
2025-06-06,96.6,98.5,96.4,97.0,2934976,VIC
2025-06-09,96.9,96.9,90.3,90.3,3785703,VIC
2025-06-10,86.0,92.9,86.0,90.6,6850985,VIC
2025-06-11,92.6,92.6,90.0,90.2,1444558,VIC
2025-06-12,91.4,91.6,84.7,86.8,4172674,VIC
2025-06-13,85.7,86.0,81.6,85.5,5009377,VIC
2025-06-16,84.0,85.6,82.6,85.4,2521970,VIC
2025-06-17,85.4,90.8,84.3,87.7,3392177,VIC
2025-06-18,87.7,89.0,86.9,88.0,1434711,VIC
2025-06-19,88.0,90.6,87.6,89.4,3253107,VIC
2025-06-20,89.4,89.4,86.7,86.8,13620498,VIC
2025-06-23,86.1,92.8,85.1,92.8,3886320,VIC
2025-06-24,94.9,98.0,93.7,95.8,3987001,VIC
2025-06-25,96.0,96.6,94.5,95.8,2663873,VIC
2025-06-26,95.0,97.0,95.0,95.0,1615391,VIC
2025-06-27,95.0,96.1,92.4,95.5,3037579,VIC
2025-06-30,95.5,96.3,95.1,95.6,1269261,VIC
2025-07-01,95.7,96.5,93.5,95.6,2339706,VIC
2025-07-02,94.3,95.5,94.3,95.4,1094369,VIC
2025-07-03,94.6,95.2,93.9,94.5,1894721,VIC
2025-07-04,94.4,94.4,91.5,91.9,3988471,VIC
2025-07-07,91.9,94.2,91.0,93.0,2013788,VIC
2025-07-08,93.0,95.0,92.9,93.3,1424660,VIC
2025-07-09,93.0,95.0,93.0,95.0,3292250,VIC
2025-07-10,96.0,101.6,96.0,101.6,7097588,VIC
2025-07-11,104.5,108.1,103.9,108.0,4808108,VIC
2025-07-14,115.0,115.5,111.0,113.0,5556863,VIC
2025-07-15,114.0,114.0,111.0,111.6,3264514,VIC
2025-07-16,111.0,118.2,110.1,117.4,3315299,VIC
2025-07-17,118.1,123.3,118.1,122.0,6617235,VIC
2025-07-18,124.7,124.7,117.5,119.0,6084453,VIC
2025-07-21,120.5,122.5,110.7,112.0,4320588,VIC
2025-07-22,112.2,117.5,112.2,117.5,3949125,VIC
2025-07-23,119.5,119.5,115.0,115.0,2814154,VIC
2025-07-24,115.2,117.0,109.7,116.0,6047931,VIC
2025-07-25,113.2,118.0,113.1,114.1,3392273,VIC
2025-07-28,115.0,118.0,114.1,115.6,3276611,VIC
2025-07-29,115.0,117.2,113.0,113.2,4570942,VIC
2025-07-30,113.2,114.0,108.1,109.5,4362773,VIC
2025-07-31,108.7,109.5,105.0,105.5,5680304,VIC
2025-08-01,106.0,109.8,104.0,104.0,3953748,VIC
